family,N,q,p,sample_idx,relax_ratio,opt_warm_ratio,opt_cold_ratio
Gilbert,5,0.25,1,0,1.0,0.8435492846645739,0.39802367869239436
Gilbert,5,0.25,1,1,1.0,0.8111970029275081,0.48607891094024724
Gilbert,5,0.25,1,2,1.0,0.9216531477736112,0.8816805272182263
Gilbert,5,0.25,1,3,1.0,0.9216531477736112,0.8816805272182263
Gilbert,5,0.25,1,4,1.0,0.75,0.5000000000000002
Gilbert,5,0.25,1,5,1.0,0.8111970029275083,0.48607891094024724
Gilbert,5,0.25,1,6,1.0,0.8429650338722449,0.42792305966929406
Gilbert,5,0.25,1,7,1.0,0.8228259320804204,0.7098607832040397
Gilbert,5,0.25,1,8,1.0,0.8429650338722449,0.42792305966929406
Gilbert,5,0.25,1,9,1.0,0.8646893704290834,0.5984406188950052
Gilbert,6,0.25,1,0,1.0,0.9352592840386353,0.703970338082591
Gilbert,6,0.25,1,1,1.0,0.36918061640691663,0.39699365342482745
Gilbert,6,0.25,1,2,1.0,0.9352592840386353,0.7039703380825909
Gilbert,6,0.25,1,3,1.0,0.2427692849081912,0.4175731323663466
Gilbert,6,0.25,1,4,1.0,0.8677206091101292,0.62007311780298
Gilbert,6,0.25,1,5,1.0,0.8566792438640052,0.7760712361630191
Gilbert,6,0.25,1,6,1.0,0.9393611648831686,0.5000604043361898
Gilbert,6,0.25,1,7,1.0,0.75,0.5000000000000001
Gilbert,6,0.25,1,8,1.0,0.26090709356849906,0.5152630172078773
Gilbert,6,0.25,1,9,1.0,0.8566792438640053,0.7760712361630191
Gilbert,7,0.25,1,0,0.5,0.2517207428187678,0.3045372742618575
Gilbert,7,0.25,1,1,1.0,0.8337662611222575,0.3752858259094819
Gilbert,7,0.25,1,2,1.0,0.31762262854709716,0.38979111335825467
Gilbert,7,0.25,1,3,1.0,0.5142502525952863,0.4385640324019544
Gilbert,7,0.25,1,4,1.0,0.7972414296187313,0.607855726597094
Gilbert,7,0.25,1,5,1.0,0.8610150577778402,0.730629101658346
Gilbert,7,0.25,1,6,1.0,0.3150462611099267,0.43462157467424817
Gilbert,7,0.25,1,7,1.0,0.3091805889290836,0.3185291418858551
Gilbert,7,0.25,1,8,1.0,0.30370088386150734,0.3601244858923234
Gilbert,7,0.25,1,9,1.0,0.18025305457007584,0.28973119652059204
Gilbert,8,0.25,1,0,1.0,0.45519569142147615,0.39787239647087735
Gilbert,8,0.25,1,1,1.0,0.7168110165407162,0.2823615834123979
Gilbert,8,0.25,1,2,1.0,0.47638885947378284,0.5482053942968907
Gilbert,8,0.25,1,3,0.5,0.3616962439199542,0.43559380987959334
Gilbert,8,0.25,1,4,1.0,0.2266138064868144,0.4171765776502638
Gilbert,8,0.25,1,5,1.0,0.45603969670637207,0.6044105076097592
Gilbert,8,0.25,1,6,1.0,0.2276430435035297,0.311227667339299
Gilbert,8,0.25,1,7,1.0,0.25176310336385943,0.3850702591562906
Gilbert,8,0.25,1,8,1.0,0.4093879920784283,0.45956341797801004
Gilbert,8,0.25,1,9,1.0,0.7354951682181264,0.5267687916736841
Gilbert,9,0.25,1,0,1.0,0.5285393175562485,0.4728566283583402
Gilbert,9,0.25,1,1,1.0,0.41759385883917605,0.4027164211115445
Gilbert,9,0.25,1,2,1.0,0.28179185088474806,0.30230375034090207
Gilbert,9,0.25,1,3,0.125,0.39899113847731704,0.39899113847731493
Gilbert,9,0.25,1,4,1.0,0.38919938632440787,0.42843267032720384
Gilbert,9,0.25,1,5,1.0,0.27979892282656116,0.276816244885554
Gilbert,9,0.25,1,6,-0.75,0.3167982357382938,0.3167982357382936
Gilbert,9,0.25,1,7,1.0,0.8036352071835834,0.4561799197018353
Gilbert,9,0.25,1,8,1.0,0.8797222931095031,0.6586733534463772
Gilbert,9,0.25,1,9,0.75,0.4698805209863253,0.46547071020384906
Gilbert,10,0.25,1,0,1.0,0.3285169131874418,0.30904322685578317
Gilbert,10,0.25,1,1,1.0,0.7858954585086378,0.6024243447936208
Gilbert,10,0.25,1,2,1.0,0.4981490787100166,0.24905666940928187
Gilbert,10,0.25,1,3,1.0,0.4873690392218374,0.5332598351029484
Gilbert,10,0.25,1,4,0.6,0.2235705739875562,0.2803760357769569
Gilbert,10,0.25,1,5,-0.1,0.28893134300893014,0.28893134300893025
Gilbert,10,0.25,1,6,1.0,0.47033024994406686,0.3667624972612644
Gilbert,10,0.25,1,7,1.0,0.17047460161866113,0.21120327985803114
Gilbert,10,0.25,1,8,1.0,0.9051277487445718,0.5107374357015028
Gilbert,10,0.25,1,9,1.0,0.6980960598771602,0.39187348521291837
Gilbert,11,0.25,1,0,1.0,0.7860553485286251,0.2925866389272522
Gilbert,11,0.25,1,1,1.0,0.3670465856341538,0.3200907838969597
Gilbert,11,0.25,1,2,0.0,0.2966770773336279,0.29667707733362764
Gilbert,11,0.25,1,3,1.0,0.3390522204883318,0.3617673968796382
Gilbert,11,0.25,1,4,0.5,0.2804098162495186,0.35135620877195245
Gilbert,11,0.25,1,5,-1.1,0.23807663648861704,0.2808717602600523
Gilbert,11,0.25,1,6,1.0,0.3202484036313221,0.4057825766541627
Gilbert,11,0.25,1,7,1.0,0.8001859241360374,0.31939975258404396
Gilbert,11,0.25,1,8,0.16666666666666666,0.2827793318792899,0.3143508001363476
Gilbert,11,0.25,1,9,1.0,0.31866662748714986,0.45138040161214305
Gilbert,12,0.25,1,0,-0.6,0.31030882315604524,0.32074346374725743
Gilbert,12,0.25,1,1,1.0,0.478562772607769,0.2330175159826858
Gilbert,12,0.25,1,2,0.8333333333333334,0.23269662826466353,0.30056524138978236
Gilbert,12,0.25,1,3,-0.2,0.3865397686234108,0.38653976862340855
Gilbert,12,0.25,1,4,0.6,0.31420507823908544,0.31420507823908495
Gilbert,12,0.25,1,5,-1.7,0.2554022942096301,0.25540229420963384
Gilbert,12,0.25,1,6,0.4166666666666667,0.27127826235134206,0.28561969633682427
Gilbert,12,0.25,1,7,-0.5,0.32538904060792995,0.3086617984464988
Gilbert,12,0.25,1,8,-0.1,0.29486130298496416,0.2948613029849674
Gilbert,12,0.25,1,9,1.0,0.6239562020164376,0.32669801116078506
Gilbert,13,0.25,1,0,1.0,0.41107622042000896,0.39240099812809603
Gilbert,13,0.25,1,1,1.0,0.21544009912630185,0.6117081270483768
Gilbert,13,0.25,1,2,1.0,0.46515554786608365,0.2522015948973366
Gilbert,13,0.25,1,3,0.5,0.23129969072467146,0.24563431258904966
Gilbert,13,0.25,1,4,-0.16666666666666666,0.3753951202457924,0.3753951202457921
Gilbert,13,0.25,1,5,0.7142857142857143,0.18032661996490035,0.26575293184823784
Gilbert,13,0.25,1,6,0.4166666666666667,0.26758692723597627,0.26758692723597516
Gilbert,13,0.25,1,7,1.0,0.29450098234683797,0.3563126447089584
Gilbert,13,0.25,1,8,1.0,0.3041844673845433,0.3525279685680494
Gilbert,13,0.25,1,9,0.5,0.26144948052915956,0.26144948052915884
Gilbert,14,0.25,1,0,0.8333333333333334,0.39300993926564426,0.2206102571817031
Gilbert,14,0.25,1,1,1.0,0.47740751335986664,0.1876258103184003
Gilbert,14,0.25,1,2,0.25,0.24351871089372437,0.24351871089372512
Gilbert,14,0.25,1,3,1.0,0.2576566073312433,0.36107029265766805
Gilbert,14,0.25,1,4,1.0,0.4498057317114741,0.2347720224473262
Gilbert,14,0.25,1,5,0.5,0.19350075221192395,0.18205588057900846
Gilbert,14,0.25,1,6,0.5714285714285714,0.23405970244191185,0.2410080472528669
Gilbert,14,0.25,1,7,0.4166666666666667,0.23883638175835017,0.25998808976936144
Gilbert,14,0.25,1,8,1.0,0.17882584769160406,0.20248511786895915
Gilbert,14,0.25,1,9,-1.5,0.25810336360568054,0.25810336360567837
Gilbert,15,0.25,1,0,-0.4166666666666667,0.26632709319127423,0.27780041431434777
Gilbert,15,0.25,1,1,1.0,0.7623068090557539,0.3123562871929004
Gilbert,15,0.25,1,2,-0.35714285714285715,0.2119533755806565,0.22052212747100963
Gilbert,15,0.25,1,3,-0.3333333333333333,0.25006621400174334,0.2500662140017436
Gilbert,15,0.25,1,4,-1.4285714285714286,0.27062479433378556,0.27246387522800625
Gilbert,15,0.25,1,5,0.75,0.16651051425785873,0.22813937954666552
Gilbert,15,0.25,1,6,-1.4166666666666667,0.16343124631943415,0.19744263558388284
Gilbert,15,0.25,1,7,0.42857142857142855,0.23757678893793438,0.24579479300969057
Gilbert,15,0.25,1,8,0.07142857142857142,0.24281579721460997,0.26251597332343274
Gilbert,15,0.25,1,9,-0.35714285714285715,0.2491354259856748,0.25732858556429317
Gilbert,5,0.25,2,0,1.0,0.9292994466798926,0.7086555675210491
Gilbert,5,0.25,2,1,1.0,0.9459356698839209,0.8417319942414752
Gilbert,5,0.25,2,2,1.0,0.9929963775681675,0.973322696278797
Gilbert,5,0.25,2,3,1.0,0.9929963775681676,0.9733226962787966
Gilbert,5,0.25,2,4,1.0,0.75,0.49999999999999967
Gilbert,5,0.25,2,5,1.0,0.9459356698839207,0.8417319942414755
Gilbert,5,0.25,2,6,1.0,0.9294579910434942,0.6636953026612443
Gilbert,5,0.25,2,7,1.0,0.991447952877901,0.9607353718803423
Gilbert,5,0.25,2,8,1.0,0.9294579910434941,0.6636953026612443
Gilbert,5,0.25,2,9,1.0,0.8742619963707232,0.70759824722439
Gilbert,6,0.25,2,0,1.0,0.9864138682799446,0.8512367978070341
Gilbert,6,0.25,2,1,1.0,0.7839418497941075,0.5901226625168962
Gilbert,6,0.25,2,2,1.0,0.9864138682799451,0.8512367978070341
Gilbert,6,0.25,2,3,1.0,0.8778074943039605,0.4193461399263294
Gilbert,6,0.25,2,4,1.0,0.9459814318212816,0.7268351342671803
Gilbert,6,0.25,2,5,1.0,0.9904758670121787,0.9623023177322181
Gilbert,6,0.25,2,6,1.0,0.9806797640063677,0.8732351299428327
Gilbert,6,0.25,2,7,1.0,0.75,0.4999999999999996
Gilbert,6,0.25,2,8,1.0,0.9244640164361293,0.7678475868519392
Gilbert,6,0.25,2,9,1.0,0.9904758670121792,0.9623023177322179
Gilbert,7,0.25,2,0,0.75,0.5716865909373433,0.5758658074098526
Gilbert,7,0.25,2,1,1.0,0.9200868544049619,0.5731604757263603
Gilbert,7,0.25,2,2,1.0,0.8259528657374136,0.46249855337188417
Gilbert,7,0.25,2,3,1.0,0.767420841121022,0.4915315767942095
Gilbert,7,0.25,2,4,1.0,0.9528175255803575,0.8507339344064452
Gilbert,7,0.25,2,5,1.0,0.9651966439627364,0.8860545368984003
Gilbert,7,0.25,2,6,1.0,0.8344743210581745,0.5740964544873224
Gilbert,7,0.25,2,7,1.0,0.7761233849592591,0.6058996969553858
Gilbert,7,0.25,2,8,1.0,0.7989332580092274,0.6131355207497169
Gilbert,7,0.25,2,9,1.0,0.853489905287406,0.2961510130605995
Gilbert,8,0.25,2,0,1.0,0.7666196790734419,0.6533125412365791
Gilbert,8,0.25,2,1,1.0,0.7484608169599003,0.5963731762051793
Gilbert,8,0.25,2,2,1.0,0.7860292018476194,0.7137651278689124
Gilbert,8,0.25,2,3,1.0,0.4183761737648497,0.6375128208191926
Gilbert,8,0.25,2,4,1.0,0.8869598496780918,0.2794294663189557
Gilbert,8,0.25,2,5,1.0,0.7665749321581845,0.737166157227753
Gilbert,8,0.25,2,6,1.0,0.81698179972013,0.5703018858483999
Gilbert,8,0.25,2,7,1.0,0.8051412196543006,0.624833746085929
Gilbert,8,0.25,2,8,1.0,0.7652239675920114,0.6937703376388625
Gilbert,8,0.25,2,9,1.0,0.7760640002042133,0.641052838580665
Gilbert,9,0.25,2,0,1.0,0.7855478099896448,0.6275956558239628
Gilbert,9,0.25,2,1,1.0,0.8285746358531909,0.4583406992875162
Gilbert,9,0.25,2,2,0.875,0.5683366455844965,0.7178024295315171
Gilbert,9,0.25,2,3,-0.625,0.4589549871202233,0.4589549871202243
Gilbert,9,0.25,2,4,0.125,0.4477026249402045,0.586698478270638
Gilbert,9,0.25,2,5,1.0,0.8314517247750555,0.5561460111413374
Gilbert,9,0.25,2,6,0.375,0.5700774712581156,0.5700774712581155
Gilbert,9,0.25,2,7,1.0,0.9178265541120357,0.7860814277318271
Gilbert,9,0.25,2,8,1.0,0.95623154013186,0.750717924779976
Gilbert,9,0.25,2,9,-0.375,0.7625333890006543,0.3959000925488471
Gilbert,10,0.25,2,0,1.0,0.8063825139944543,0.643418287715552
Gilbert,10,0.25,2,1,1.0,0.8524525654625951,0.7143249000405444
Gilbert,10,0.25,2,2,1.0,0.6628351853212631,0.4894078450471551
Gilbert,10,0.25,2,3,1.0,0.8168401060407519,0.6921564847942641
Gilbert,10,0.25,2,4,-0.1,0.4941255522420951,0.5285243955885714
Gilbert,10,0.25,2,5,0.0,0.2776879827989716,0.2776879827989719
Gilbert,10,0.25,2,6,1.0,0.7586250860292614,0.5036669848664237
Gilbert,10,0.25,2,7,1.0,0.6755808296741326,0.45736451144653795
Gilbert,10,0.25,2,8,1.0,0.9691249408850616,0.7647419707535379
Gilbert,10,0.25,2,9,1.0,0.7782524575263972,0.4158536070152351
Gilbert,11,0.25,2,0,1.0,0.8965440458051294,0.6124705229947348
Gilbert,11,0.25,2,1,1.0,0.782575277665163,0.5310786719045343
Gilbert,11,0.25,2,2,-0.9,0.43000731873936393,0.4300073187393614
Gilbert,11,0.25,2,3,1.0,0.6780805646749836,0.5918913909587227
Gilbert,11,0.25,2,4,0.3,0.5855728815960837,0.48426729558025805
Gilbert,11,0.25,2,5,-0.1,0.5817959973129355,0.6229029999675034
Gilbert,11,0.25,2,6,0.9,0.7217167391938631,0.6423263109486255
Gilbert,11,0.25,2,7,1.0,0.8908824127726609,0.6238737809832325
Gilbert,11,0.25,2,8,0.75,0.5420605027166434,0.2478543787744264
Gilbert,11,0.25,2,9,1.0,0.8094521791565154,0.6662741295717419
Gilbert,12,0.25,2,0,0.1,0.4025669369182155,0.5250813480786676
Gilbert,12,0.25,2,1,1.0,0.6238791558024329,0.49518844850623206
Gilbert,12,0.25,2,2,0.4166666666666667,0.48091994487494927,0.5040878046505058
Gilbert,12,0.25,2,3,0.0,0.5251549791869718,0.5251549791869685
Gilbert,12,0.25,2,4,-0.1,0.3264142033171657,0.32641420331716553
Gilbert,12,0.25,2,5,-0.4,0.448166477446213,0.44816647743405313
Gilbert,12,0.25,2,6,-1.9166666666666667,0.5427482150641921,0.4897355160685379
Gilbert,12,0.25,2,7,-0.5,0.4257283193410345,0.4308685128036142
Gilbert,12,0.25,2,8,0.0,0.496689398291074,0.49668939829107456
Gilbert,12,0.25,2,9,1.0,0.681919425463756,0.5326175650681015
Gilbert,13,0.25,2,0,1.0,0.8027500422506293,0.38143539654462505
Gilbert,13,0.25,2,1,1.0,0.44284141336833893,0.7757456708502314
Gilbert,13,0.25,2,2,1.0,0.4676495109012499,0.46198533283752397
Gilbert,13,0.25,2,3,0.5,0.37093515513072534,0.318631545766821
Gilbert,13,0.25,2,4,0.5833333333333334,0.3603840604861757,0.36038406048617583
Gilbert,13,0.25,2,5,0.6428571428571429,0.5934314021101311,0.5132818761531962
Gilbert,13,0.25,2,6,-1.3333333333333333,0.40489374465062467,0.4048937446506213
Gilbert,13,0.25,2,7,1.0,0.8051573289785334,0.45593818819493187
Gilbert,13,0.25,2,8,1.0,0.7989849319433049,0.5658170059067184
Gilbert,13,0.25,2,9,-0.8,0.557508580846048,0.5575085808460445
Gilbert,14,0.25,2,0,0.4166666666666667,0.5630214723327948,0.27436221385384824
Gilbert,14,0.25,2,1,1.0,0.6288600367011529,0.3451749547830113
Gilbert,14,0.25,2,2,-0.4166666666666667,0.34664470567614103,0.3466447056761403
Gilbert,14,0.25,2,3,1.0,0.8138015761347565,0.47519488061901577
Gilbert,14,0.25,2,4,1.0,0.5920808913726772,0.4660036231616504
Gilbert,14,0.25,2,5,0.16666666666666666,-0.20072490956168312,-0.06661853057164298
Gilbert,14,0.25,2,6,0.6428571428571429,0.5204365695444734,0.492076439321044
Gilbert,14,0.25,2,7,-0.16666666666666666,0.4874100817326439,0.47115610257281865
Gilbert,14,0.25,2,8,1.0,0.8326180278818727,-0.24711336861064062
Gilbert,14,0.25,2,9,-0.9,0.45947776956890996,0.4594777695689114
Gilbert,15,0.25,2,0,0.08333333333333333,0.4677399004979583,0.32506541325972726
Gilbert,15,0.25,2,1,1.0,0.856866648951433,0.5721689793780896
Gilbert,15,0.25,2,2,-0.7857142857142857,0.37092417128182525,0.380400355830021
Gilbert,15,0.25,2,3,-0.5833333333333334,0.3131973805841728,0.31319738058417457
Gilbert,15,0.25,2,4,-0.07142857142857142,0.43413913055040837,0.3885619520370523
Gilbert,15,0.25,2,5,0.75,0.5713587014386434,0.2850504188248662
Gilbert,15,0.25,2,6,-0.6666666666666666,0.34822261296441087,0.3943593335460405
Gilbert,15,0.25,2,7,0.07142857142857142,0.5019880365256328,0.51496715171443
Gilbert,15,0.25,2,8,0.35714285714285715,0.42603429959920874,0.4401723349907695
Gilbert,15,0.25,2,9,-0.5714285714285714,0.38389309593765414,0.5025292272535384
Gilbert,5,0.25,3,0,1.0,0.9679022526226823,0.8634360061415892
Gilbert,5,0.25,3,1,1.0,0.9612375696426856,0.9361544540962803
Gilbert,5,0.25,3,2,1.0,0.999999999997756,0.9999999999992133
Gilbert,5,0.25,3,3,1.0,0.9999999999977558,0.999999999999213
Gilbert,5,0.25,3,4,1.0,0.75,0.5000000000000004
Gilbert,5,0.25,3,5,1.0,0.9612375696426848,0.9361544540962798
Gilbert,5,0.25,3,6,1.0,0.9676961374146732,0.92108924124005
Gilbert,5,0.25,3,7,1.0,0.9999999999424986,0.9999999999819812
Gilbert,5,0.25,3,8,1.0,0.9676961374146732,0.9210892412400499
Gilbert,5,0.25,3,9,1.0,0.9218388620558415,0.7346918252412937
Gilbert,6,0.25,3,0,1.0,0.9970202377788032,0.9486945058593654
Gilbert,6,0.25,3,1,1.0,0.9626026312237277,0.7421074210774208
Gilbert,6,0.25,3,2,1.0,0.9970202377788032,0.9486945058593665
Gilbert,6,0.25,3,3,1.0,0.9401494077148959,0.4343785939532024
Gilbert,6,0.25,3,4,1.0,0.9755846039986674,0.8497517022411463
Gilbert,6,0.25,3,5,1.0,0.999999999998822,0.9999999999259916
Gilbert,6,0.25,3,6,1.0,0.9895588674830146,0.8656202793604025
Gilbert,6,0.25,3,7,1.0,0.7500000000000001,0.5000000000000004
Gilbert,6,0.25,3,8,1.0,0.9912131904111391,0.8808879956694371
Gilbert,6,0.25,3,9,1.0,0.9999999999988224,0.9999999999259919
Gilbert,7,0.25,3,0,0.625,0.603067821405787,0.6475755670630984
Gilbert,7,0.25,3,1,1.0,0.9575140173390012,0.8075098986841913
Gilbert,7,0.25,3,2,1.0,0.9280279116105488,0.6338791544052733
Gilbert,7,0.25,3,3,1.0,0.9685725591061642,0.6369809729884549
Gilbert,7,0.25,3,4,1.0,0.9634221413093897,0.9250938110027856
Gilbert,7,0.25,3,5,1.0,0.9749739788481737,0.950280008371665
Gilbert,7,0.25,3,6,1.0,0.9999999999995882,0.6996832977785596
Gilbert,7,0.25,3,7,1.0,0.9754258177091677,0.7187049969685304
Gilbert,7,0.25,3,8,1.0,0.9999999999999831,0.7137310807756337
Gilbert,7,0.25,3,9,1.0,0.9400060494489362,0.5951154662372056
Gilbert,8,0.25,3,0,1.0,0.9723323013990252,0.6961807924671887
Gilbert,8,0.25,3,1,1.0,0.8097057623295711,0.44814612973292645
Gilbert,8,0.25,3,2,1.0,0.787445465513508,0.7902441938275555
Gilbert,8,0.25,3,3,0.625,0.4341149456989675,0.6668005488566819
Gilbert,8,0.25,3,4,1.0,0.9999999999951017,0.5614152018718142
Gilbert,8,0.25,3,5,1.0,0.9723488037748925,0.7993217418618336
Gilbert,8,0.25,3,6,1.0,0.6041686947033511,0.5780109042600603
Gilbert,8,0.25,3,7,1.0,0.6055308471388636,0.764007926142184
Gilbert,8,0.25,3,8,1.0,0.7886627656624067,0.7789044515306061
Gilbert,8,0.25,3,9,1.0,0.8414760944712645,0.7392617704645249
Gilbert,9,0.25,3,0,1.0,0.9747045860114071,0.6869811530285574
Gilbert,9,0.25,3,1,1.0,0.9257540836823779,0.4876312725001988
Gilbert,9,0.25,3,2,-0.875,0.7284057553345786,0.8024993516206882
Gilbert,9,0.25,3,3,-0.875,0.5479210381995703,0.5479210381995665
Gilbert,9,0.25,3,4,-0.875,0.3288473478810752,0.45668126972047784
Gilbert,9,0.25,3,5,1.0,0.8468606434189926,0.6112056011636909
Gilbert,9,0.25,3,6,-0.25,0.27234802542451897,0.2723480254245196
Gilbert,9,0.25,3,7,1.0,0.9712532669128863,0.8414653850500874
Gilbert,9,0.25,3,8,1.0,0.9796403242694622,0.8493327064288652
Gilbert,9,0.25,3,9,0.875,0.8481265756306163,0.6491352517544351
Gilbert,10,0.25,3,0,1.0,0.9584872471711633,0.7257105557626948
Gilbert,10,0.25,3,1,1.0,0.903478891546154,0.807594392450901
Gilbert,10,0.25,3,2,1.0,0.789426077995602,0.21036780334719643
Gilbert,10,0.25,3,3,1.0,0.9999999999993703,0.7603898063184664
Gilbert,10,0.25,3,4,-0.1,0.6759942511812383,0.6061241559847338
Gilbert,10,0.25,3,5,-0.5,0.28039803938560864,0.2803980393856104
Gilbert,10,0.25,3,6,1.0,0.999999999994493,0.7040133676743755
Gilbert,10,0.25,3,7,1.0,0.643693122372644,0.7047719658302524
Gilbert,10,0.25,3,8,1.0,0.9924384988958634,0.897156967816058
Gilbert,10,0.25,3,9,1.0,0.8566188299869021,0.45540064213877063
Gilbert,11,0.25,3,0,1.0,0.952175508510556,0.5816991827854079
Gilbert,11,0.25,3,1,1.0,0.5808168646127878,0.6189948583232443
Gilbert,11,0.25,3,2,-1.2,0.4944528629036514,0.4944528629036533
Gilbert,11,0.25,3,3,1.0,0.39959706934948686,0.6027188195038989
Gilbert,11,0.25,3,4,0.8,0.4940406539142077,0.8162699906774487
Gilbert,11,0.25,3,5,0.6,0.22710607077603556,0.7735751313667233
Gilbert,11,0.25,3,6,0.9,0.9090755014279484,0.6416613189131972
Gilbert,11,0.25,3,7,1.0,0.9494916838851144,0.66232818709928
Gilbert,11,0.25,3,8,0.5,0.6191512242346625,0.5188821366879359
Gilbert,11,0.25,3,9,1.0,0.9999999998969188,0.6700776525701699
Gilbert,12,0.25,3,0,0.4,0.4782526811956763,0.6624877583286564
Gilbert,12,0.25,3,1,1.0,0.7645751039285482,0.5544268307841023
Gilbert,12,0.25,3,2,0.08333333333333333,0.6642660108461028,0.3727880056012443
Gilbert,12,0.25,3,3,0.4,0.6672166808152212,0.6672166808152837
Gilbert,12,0.25,3,4,0.4,0.46098305092593284,0.46098305092592823
Gilbert,12,0.25,3,5,-2.4,0.5268501740216285,0.526850174021764
Gilbert,12,0.25,3,6,-0.25,0.6736602554601081,0.7262820851887247
Gilbert,12,0.25,3,7,-1.3,0.5078669120244094,0.434577694064037
Gilbert,12,0.25,3,8,-0.1,0.5468889775096416,0.5468889775096368
Gilbert,12,0.25,3,9,1.0,0.9992782073042714,0.3974689950574682
Gilbert,13,0.25,3,0,1.0,0.9001243311759947,0.5273446341836819
Gilbert,13,0.25,3,1,1.0,0.8097017204016468,0.8652489119038095
Gilbert,13,0.25,3,2,1.0,0.8116448532418437,0.6657694123350933
Gilbert,13,0.25,3,3,0.16666666666666666,0.46828281514616893,0.45095799324258606
Gilbert,13,0.25,3,4,-0.08333333333333333,0.5887111441300946,0.5887111441300923
Gilbert,13,0.25,3,5,0.7857142857142857,0.7427240756538913,0.5199127329549741
Gilbert,13,0.25,3,6,-0.9166666666666666,0.45192499395965385,0.4519249939596494
Gilbert,13,0.25,3,7,1.0,0.5686208581684496,0.504762475279813
Gilbert,13,0.25,3,8,1.0,0.9264034519437868,0.5975187492268821
Gilbert,13,0.25,3,9,-0.5,0.5825590219347087,0.5825590219348674
Gilbert,14,0.25,3,0,0.6666666666666666,0.7136763679323681,0.2773622179684745
Gilbert,14,0.25,3,1,1.0,0.7704020630568705,0.19703416310601618
Gilbert,14,0.25,3,2,0.6666666666666666,0.36379773405755794,0.36379773405755406
Gilbert,14,0.25,3,3,1.0,0.999191338087182,0.6176170961968547
Gilbert,14,0.25,3,4,1.0,0.7393169625567143,0.599501535741816
Gilbert,14,0.25,3,5,-0.5833333333333334,0.27840253168212614,0.2764969773170793
Gilbert,14,0.25,3,6,0.5714285714285714,0.4858833518175732,0.6070637345845736
Gilbert,14,0.25,3,7,0.5,0.2715980074149405,0.5503925117143788
Gilbert,14,0.25,3,8,1.0,0.8854659131404523,0.4058001694481896
Gilbert,14,0.25,3,9,-2.1,0.5934084199185177,0.5934084199187524
Gilbert,15,0.25,3,0,0.3333333333333333,-0.02834212420033344,0.4922181233424208
Gilbert,15,0.25,3,1,1.0,0.9317695322629618,0.6579773980384716
Gilbert,15,0.25,3,2,0.35714285714285715,0.505537817560402,0.5006448961095459
Gilbert,15,0.25,3,3,0.4166666666666667,0.49021623732843195,0.4925768463768703
Gilbert,15,0.25,3,4,-0.07142857142857142,0.2710418293495674,0.42325563626112
Gilbert,15,0.25,3,5,0.5625,0.44997412606001663,0.6025404214507988
Gilbert,15,0.25,3,6,-0.08333333333333333,0.3200452362142155,0.4093061353786635
Gilbert,15,0.25,3,7,-2.4285714285714284,0.4765118655394985,0.6286035352409847
Gilbert,15,0.25,3,8,0.2857142857142857,0.41726527015696885,0.38989548315898
Gilbert,15,0.25,3,9,-0.35714285714285715,0.429944074816428,0.5416017094375511
Gilbert,5,0.25,5,0,1.0,0.9895627368385694,0.8934292517685029
Gilbert,5,0.25,5,1,1.0,0.9970986435107219,0.99125968927552
Gilbert,5,0.25,5,2,1.0,0.9999999997879825,0.9999999999073254
Gilbert,5,0.25,5,3,1.0,0.9999999997879825,0.9999999999073259
Gilbert,5,0.25,5,4,1.0,0.75,0.5000000000000007
Gilbert,5,0.25,5,5,1.0,0.9970986435078592,0.99125968927552
Gilbert,5,0.25,5,6,1.0,0.9906675589598098,0.9382090356314782
Gilbert,5,0.25,5,7,1.0,0.9999999999999091,0.999999999999202
Gilbert,5,0.25,5,8,1.0,0.9906675589598085,0.9382090358686996
Gilbert,5,0.25,5,9,1.0,0.9681792548913513,0.9521920233497685
Gilbert,6,0.25,5,0,1.0,0.9998167938489363,0.9951190784918571
Gilbert,6,0.25,5,1,1.0,0.9645117877217596,0.8252266588583947
Gilbert,6,0.25,5,2,1.0,0.9998167938489356,0.9951190784924148
Gilbert,6,0.25,5,3,1.0,0.8708818227453065,0.6666666666630486
Gilbert,6,0.25,5,4,1.0,0.9928839723630967,0.9509302511863632
Gilbert,6,0.25,5,5,1.0,0.9999999999981695,0.9999999998762439
Gilbert,6,0.25,5,6,1.0,0.9991392329528528,0.9623180687602492
Gilbert,6,0.25,5,7,1.0,0.7500000000000003,0.5000000000000008
Gilbert,6,0.25,5,8,1.0,0.9999999977167747,0.9005311515615316
Gilbert,6,0.25,5,9,1.0,0.9999999999981685,0.9999999998762439
Gilbert,7,0.25,5,0,0.125,0.7834552367235432,0.7975522500588981
Gilbert,7,0.25,5,1,1.0,0.9829905624345863,0.6351794763463552
Gilbert,7,0.25,5,2,1.0,0.9999999995656909,0.6510087201511564
Gilbert,7,0.25,5,3,1.0,0.9999999991470048,0.6937516080276533
Gilbert,7,0.25,5,4,1.0,0.9987432756481261,0.9797126502116685
Gilbert,7,0.25,5,5,1.0,0.9970111721658885,0.9923970817532677
Gilbert,7,0.25,5,6,1.0,0.9999999998683625,0.8328614396348981
Gilbert,7,0.25,5,7,1.0,0.9999999995935255,0.8230816631051969
Gilbert,7,0.25,5,8,1.0,0.999999998160256,0.615362620911024
Gilbert,7,0.25,5,9,1.0,0.9999900797707797,0.7168493088063032
Gilbert,8,0.25,5,0,1.0,0.9804221263915777,0.8523278578299038
Gilbert,8,0.25,5,1,1.0,0.9994391198640926,0.7734788891564555
Gilbert,8,0.25,5,2,1.0,0.9911479915004261,0.883672690132757
Gilbert,8,0.25,5,3,0.625,0.675985203648455,0.7919860664729598
Gilbert,8,0.25,5,4,1.0,0.9999999995319133,0.8270388849854255
Gilbert,8,0.25,5,5,1.0,0.9999999999403046,0.8336743829920625
Gilbert,8,0.25,5,6,1.0,0.3771099306272174,0.6126364751353978
Gilbert,8,0.25,5,7,1.0,0.9999988904101607,0.890919909210077
Gilbert,8,0.25,5,8,1.0,0.8936395315676503,0.8941417203944371
Gilbert,8,0.25,5,9,1.0,0.9993982608508528,0.8146477282032027
Gilbert,9,0.25,5,0,1.0,0.9866769455291656,0.7680752155402221
Gilbert,9,0.25,5,1,1.0,0.9999999999997442,0.8187669679814136
Gilbert,9,0.25,5,2,1.0,0.34415708809387263,0.8286109652690643
Gilbert,9,0.25,5,3,-0.75,0.6365716003771295,0.6365716002071756
Gilbert,9,0.25,5,4,0.0,0.7679255031896153,0.8221590607790847
Gilbert,9,0.25,5,5,1.0,0.9999868626846666,0.6527229020556371
Gilbert,9,0.25,5,6,0.25,0.6914893839954388,0.6914893843518319
Gilbert,9,0.25,5,7,1.0,0.999999998413402,0.9175048490206136
Gilbert,9,0.25,5,8,1.0,0.9929845789095483,0.9181193565489902
Gilbert,9,0.25,5,9,0.375,0.8809763224833546,0.7378018586425098
Gilbert,10,0.25,5,0,1.0,0.9999999999921223,0.8540737900113581
Gilbert,10,0.25,5,1,1.0,0.9743604610921238,0.8110132930568176
Gilbert,10,0.25,5,2,1.0,0.9999887186197768,0.715926268789762
Gilbert,10,0.25,5,3,1.0,0.9779711725900009,0.8239766724620574
Gilbert,10,0.25,5,4,-0.1,0.7322380685140566,0.7140464097271348
Gilbert,10,0.25,5,5,0.7,0.7626712990036884,0.7626712993028113
Gilbert,10,0.25,5,6,1.0,0.9702530436386866,0.7794514302554371
Gilbert,10,0.25,5,7,1.0,0.9999999938582742,0.7186140903529341
Gilbert,10,0.25,5,8,1.0,0.9986540278213195,0.9516689486685108
Gilbert,10,0.25,5,9,1.0,0.9999999987083662,0.6199482192031183
Gilbert,11,0.25,5,0,1.0,0.9855303426059917,0.8203235034700945
Gilbert,11,0.25,5,1,1.0,0.9999999993133276,0.6366264397051152
Gilbert,11,0.25,5,2,0.5,0.6999999994494012,0.6999999995633452
Gilbert,11,0.25,5,3,1.0,0.9788536450838613,0.7555277470013143
Gilbert,11,0.25,5,4,0.2,0.8164204225218537,0.8862864846975604
Gilbert,11,0.25,5,5,0.4,0.8306399280500308,0.6730101062085433
Gilbert,11,0.25,5,6,1.0,0.9746645627557784,0.4669887093307832
Gilbert,11,0.25,5,7,1.0,0.9819844078838557,0.8698959003930087
Gilbert,11,0.25,5,8,0.25,0.76555829000676,0.8656291300288333
Gilbert,11,0.25,5,9,1.0,0.9999999999516321,0.7814196828871506
Gilbert,12,0.25,5,0,0.7,0.6502343288156309,0.6542606329036541
Gilbert,12,0.25,5,1,1.0,0.9146977538338246,0.7236572780969984
Gilbert,12,0.25,5,2,0.08333333333333333,0.7776356400106041,0.7020968799877134
Gilbert,12,0.25,5,3,-0.4,0.764623889970605,0.7646238899437068
Gilbert,12,0.25,5,4,0.1,0.6309346297431944,0.6309346277708459
Gilbert,12,0.25,5,5,0.2,0.7277697395014519,0.727769739040108
Gilbert,12,0.25,5,6,0.3333333333333333,0.8137824205588832,0.8532504174520755
Gilbert,12,0.25,5,7,0.4,0.6541256534109463,0.6449557741000582
Gilbert,12,0.25,5,8,-0.6,0.7318312992231991,0.6379850729832963
Gilbert,12,0.25,5,9,1.0,0.9999999999691686,0.6827924343671768
Gilbert,13,0.25,5,0,1.0,0.8543306578326924,0.6580770518645976
Gilbert,13,0.25,5,1,1.0,0.9999999999905317,0.9445250328844847
Gilbert,13,0.25,5,2,1.0,0.9394325128040499,0.8270013215928859
Gilbert,13,0.25,5,3,-0.08333333333333333,0.5284238548039094,0.6981200423856261
Gilbert,13,0.25,5,4,-0.16666666666666666,0.6734507188668902,0.6734507188783936
Gilbert,13,0.25,5,5,-0.07142857142857142,0.7713436175688047,0.5942768771714662
Gilbert,13,0.25,5,6,-0.16666666666666666,0.5812706902099748,0.5812706901244492
Gilbert,13,0.25,5,7,1.0,0.9999999998805047,0.78975574248815
Gilbert,13,0.25,5,8,1.0,0.603980771396653,0.7299214129046558
Gilbert,13,0.25,5,9,0.1,0.7506243636989417,0.7039178694298179
Gilbert,14,0.25,5,0,0.75,0.7084873763054375,0.8843759665934758
Gilbert,14,0.25,5,1,1.0,0.9999888147981386,0.8875084889951343
Gilbert,14,0.25,5,2,0.25,0.6191187722170587,0.6191187834310791
Gilbert,14,0.25,5,3,1.0,0.9999999530740318,0.7210622343281392
Gilbert,14,0.25,5,4,1.0,0.9999999999977829,0.633640337295053
Gilbert,14,0.25,5,5,0.3333333333333333,0.6053799885166263,0.3542623724013049
Gilbert,14,0.25,5,6,-1.1428571428571428,0.7545735492788531,0.7172339871984192
Gilbert,14,0.25,5,7,0.25,0.5470696346576154,0.6286881864590637
Gilbert,14,0.25,5,8,1.0,0.7449086228670116,0.47136720727590486
Gilbert,14,0.25,5,9,-0.8,0.7545621606133566,0.754562172344394
Gilbert,15,0.25,5,0,-0.4166666666666667,0.6014964022062039,0.5084098449597557
Gilbert,15,0.25,5,1,1.0,0.9786427687859287,0.8054933876162239
Gilbert,15,0.25,5,2,0.0,0.5960283101701679,0.05066550857379796
Gilbert,15,0.25,5,3,0.3333333333333333,-0.11072846250734487,0.6426916430432233
Gilbert,15,0.25,5,4,-0.7142857142857143,0.42681543493366625,0.5861579855365042
Gilbert,15,0.25,5,5,0.6875,0.7096389789934879,0.6660924367050532
Gilbert,15,0.25,5,6,-0.08333333333333333,0.03984523991105634,0.5604853692612446
Gilbert,15,0.25,5,7,0.42857142857142855,0.609234724275894,0.758893488999744
Gilbert,15,0.25,5,8,-0.21428571428571427,0.7234171135474448,0.6428207031929584
Gilbert,15,0.25,5,9,-0.2857142857142857,0.700749093500999,0.6711059351947793
Gilbert,5,0.25,7,0,1.0,0.9990790986490742,0.9771245348106649
Gilbert,5,0.25,7,1,1.0,0.9999999324205993,0.9996706757159856
Gilbert,5,0.25,7,2,1.0,0.9999999999946054,0.9999999999949034
Gilbert,5,0.25,7,3,1.0,0.9999999999946054,0.9999999999949021
Gilbert,5,0.25,7,4,1.0,0.75,0.500000000000001
Gilbert,5,0.25,7,5,1.0,0.9999999131690789,0.9996706744069819
Gilbert,5,0.25,7,6,1.0,0.9987412979422127,0.9931762546326243
Gilbert,5,0.25,7,7,1.0,0.9999999999753176,0.9999999999997918
Gilbert,5,0.25,7,8,1.0,0.9987412979424347,0.9976515528033056
Gilbert,5,0.25,7,9,1.0,0.9999995439966444,0.9972060348365046
Gilbert,6,0.25,7,0,1.0,0.9999999996641483,0.9999999982419897
Gilbert,6,0.25,7,1,1.0,0.9999999995480267,0.9436550492915543
Gilbert,6,0.25,7,2,1.0,0.999999999664313,0.9999999987277629
Gilbert,6,0.25,7,3,1.0,0.9999999989513824,0.9126094599688628
Gilbert,6,0.25,7,4,1.0,0.9986528221648927,0.9631541337920213
Gilbert,6,0.25,7,5,1.0,0.9999999999981608,0.9999999999990119
Gilbert,6,0.25,7,6,1.0,0.9999904830149613,0.9999964685310805
Gilbert,6,0.25,7,7,1.0,0.7500000000000003,0.5000000000000011
Gilbert,6,0.25,7,8,1.0,0.9999995529183202,0.9960735793377499
Gilbert,6,0.25,7,9,1.0,0.9999999999981615,0.9999999999990128
Gilbert,7,0.25,7,0,0.125,0.7624798853377123,0.8597764956452365
Gilbert,7,0.25,7,1,1.0,0.9975423563239981,0.7458727088861146
Gilbert,7,0.25,7,2,1.0,0.9999999981710772,0.8272172059609855
Gilbert,7,0.25,7,3,1.0,0.9999999526508955,0.7584052674659675
Gilbert,7,0.25,7,4,1.0,0.9999089643031736,0.9873951023297798
Gilbert,7,0.25,7,5,1.0,0.9999999958181902,0.99872474516468
Gilbert,7,0.25,7,6,1.0,0.999999992283279,0.9604417522580504
Gilbert,7,0.25,7,7,1.0,0.9999999987441441,0.9574484468221076
Gilbert,7,0.25,7,8,1.0,0.9999999557579801,0.7543356032493352
Gilbert,7,0.25,7,9,1.0,0.9999954491898384,0.8331073963897399
Gilbert,8,0.25,7,0,1.0,0.9999996988690855,0.925913445496815
Gilbert,8,0.25,7,1,1.0,0.9999999994068874,0.8511667515102908
Gilbert,8,0.25,7,2,1.0,0.995636007826296,0.9323302022569969
Gilbert,8,0.25,7,3,0.125,0.8012269587090971,0.8473155970246702
Gilbert,8,0.25,7,4,1.0,0.9999999456259951,0.8454362205047619
Gilbert,8,0.25,7,5,1.0,0.9999999652752323,0.8932267246133307
Gilbert,8,0.25,7,6,1.0,0.9999999979559803,0.6291304499258008
Gilbert,8,0.25,7,7,1.0,0.999999998537285,0.9367374299217921
Gilbert,8,0.25,7,8,1.0,0.9502897267539987,0.9300972792694637
Gilbert,8,0.25,7,9,1.0,0.9999999995307753,0.8788204577149241
Gilbert,9,0.25,7,0,1.0,0.9923819610398101,0.8062739013934056
Gilbert,9,0.25,7,1,1.0,0.9999999997763285,0.8938808604035167
Gilbert,9,0.25,7,2,0.75,0.7445127832896187,0.8328166016085392
Gilbert,9,0.25,7,3,0.375,0.6928751085216676,0.6928751021597871
Gilbert,9,0.25,7,4,0.375,0.8440924963698718,0.8781333391198329
Gilbert,9,0.25,7,5,1.0,0.999988757624438,0.7926944158700275
Gilbert,9,0.25,7,6,0.375,0.7536570173161672,0.774344739627221
Gilbert,9,0.25,7,7,1.0,0.9999999966288181,0.9826856195539969
Gilbert,9,0.25,7,8,1.0,0.998047184773648,0.9575909921062923
Gilbert,9,0.25,7,9,0.625,0.9284276859928564,0.7698236004338339
Gilbert,10,0.25,7,0,1.0,0.9999998635690424,0.9215282226409841
Gilbert,10,0.25,7,1,1.0,0.9941515898323678,0.976661344255411
Gilbert,10,0.25,7,2,1.0,0.9999941365816208,0.755228709917456
Gilbert,10,0.25,7,3,1.0,0.9999996283986367,0.8873257221683051
Gilbert,10,0.25,7,4,0.4,0.7890959934721737,0.8291096666864058
Gilbert,10,0.25,7,5,-0.2,0.8543229029792239,0.8543229006217343
Gilbert,10,0.25,7,6,1.0,0.9999999420436975,0.8364903647456877
Gilbert,10,0.25,7,7,1.0,0.9999999985242095,0.8443174692467333
Gilbert,10,0.25,7,8,1.0,0.9999945253789486,0.9998523021328177
Gilbert,10,0.25,7,9,1.0,0.9999998949260671,0.6385047832054166
Gilbert,11,0.25,7,0,1.0,0.9920396692846648,0.7031470205490654
Gilbert,11,0.25,7,1,1.0,0.999999996461778,0.7387628740603924
Gilbert,11,0.25,7,2,-0.6,0.7304162876650031,0.7042072204091149
Gilbert,11,0.25,7,3,1.0,0.9916105177743267,0.8083184751490947
Gilbert,11,0.25,7,4,0.6,0.9145223116988591,0.9705132598090138
Gilbert,11,0.25,7,5,-1.1,0.8937571340934245,0.8487997708440528
Gilbert,11,0.25,7,6,0.8,0.9900007173400909,0.9437542004247697
Gilbert,11,0.25,7,7,1.0,0.9949603995102244,0.9214234872149346
Gilbert,11,0.25,7,8,-0.08333333333333333,0.8415690264150913,0.6810849755960291
Gilbert,11,0.25,7,9,1.0,0.9999999625698095,0.8275109803395105
Gilbert,12,0.25,7,0,0.5,0.6044280513528317,0.6776097996493486
Gilbert,12,0.25,7,1,1.0,0.9999999928721643,0.6810527109724038
Gilbert,12,0.25,7,2,-0.4166666666666667,0.719480626904328,0.7509855240054701
Gilbert,12,0.25,7,3,0.0,0.8268274493272969,0.8268274489849446
Gilbert,12,0.25,7,4,-1.1,0.6723113501990057,0.6723113513211633
Gilbert,12,0.25,7,5,0.2,0.7768403164236352,0.7768403148097667
Gilbert,12,0.25,7,6,0.3333333333333333,0.8389082240175935,0.9031993353970204
Gilbert,12,0.25,7,7,0.4,0.7988588848561656,0.6823683957498711
Gilbert,12,0.25,7,8,-0.5,0.7304588215443177,0.693710448485939
Gilbert,12,0.25,7,9,1.0,0.9999999767563961,0.8783520444292598
Gilbert,13,0.25,7,0,1.0,0.3554665861045828,0.8108013349459056
Gilbert,13,0.25,7,1,1.0,0.9999999998368372,0.9611523431094161
Gilbert,13,0.25,7,2,1.0,0.9848481285905237,0.8810331642159951
Gilbert,13,0.25,7,3,-0.16666666666666666,0.6681885029067929,0.7664878004291187
Gilbert,13,0.25,7,4,-0.9166666666666666,0.8250405427214421,0.8250405432189237
Gilbert,13,0.25,7,5,0.7857142857142857,0.6852895665625348,0.7949445229184606
Gilbert,13,0.25,7,6,-1.1666666666666667,0.7373708591261957,0.7012118499151359
Gilbert,13,0.25,7,7,1.0,0.49410550727224956,0.8365289237821056
Gilbert,13,0.25,7,8,1.0,0.796216503092923,0.8410091844931784
Gilbert,13,0.25,7,9,0.1,0.8247906784928775,0.6650243541710619
Gilbert,14,0.25,7,0,-0.8333333333333334,0.8500488777513423,0.9307203463192621
Gilbert,14,0.25,7,1,1.0,0.9999920036759586,0.9036353760465341
Gilbert,14,0.25,7,2,0.16666666666666666,0.6070570067631813,0.6070570069612017
Gilbert,14,0.25,7,3,1.0,0.9999997015220842,0.7787512141054275
Gilbert,14,0.25,7,4,1.0,0.878561618135055,0.7514065381359207
Gilbert,14,0.25,7,5,-1.5,0.4925507900982134,0.019654548278823587
Gilbert,14,0.25,7,6,0.42857142857142855,0.6802000816761843,0.7894213766099737
Gilbert,14,0.25,7,7,0.5,0.5654366407717375,0.6871693027785315
Gilbert,14,0.25,7,8,1.0,0.9999999930203494,0.673920631387487
Gilbert,14,0.25,7,9,-0.3,0.8212283544641512,0.8212283566505925
Gilbert,15,0.25,7,0,-1.3333333333333333,0.8002397628617596,0.7161588522069607
Gilbert,15,0.25,7,1,1.0,0.9858034818228357,0.6876500838431344
Gilbert,15,0.25,7,2,-0.7857142857142857,0.7171433344376342,0.6148753110460513
Gilbert,15,0.25,7,3,-0.25,0.48609701497198143,0.6239217279961182
Gilbert,15,0.25,7,4,0.5,0.6645162332959471,0.7167618075300035
Gilbert,15,0.25,7,5,0.4375,0.8309327685287143,0.816400677225931
Gilbert,15,0.25,7,6,-0.5,0.1404984517040786,0.5090427490240484
Gilbert,15,0.25,7,7,1.0,0.8266382589962651,0.8333223107310622
Gilbert,15,0.25,7,8,0.42857142857142855,0.7818659558925644,0.7465046962744901
Gilbert,15,0.25,7,9,0.6428571428571429,0.771167824628553,0.7746258682915376
Gilbert,5,0.25,10,0,1.0,0.9999978795877923,0.9974391510655408
Gilbert,5,0.25,10,1,1.0,0.9999997068553125,0.9999999915175813
Gilbert,5,0.25,10,2,1.0,0.9999999999996161,0.9999999999928527
Gilbert,5,0.25,10,3,1.0,0.9999999999996156,0.9999999999928528
Gilbert,5,0.25,10,4,1.0,0.75,0.4999999999999985
Gilbert,5,0.25,10,5,1.0,0.9999997038978264,0.9999972180784598
Gilbert,5,0.25,10,6,1.0,0.9998914086309809,0.9998874240119692
Gilbert,5,0.25,10,7,1.0,0.9999999999922243,0.9999999999970098
Gilbert,5,0.25,10,8,1.0,0.9998912878297924,0.9998854106264498
Gilbert,5,0.25,10,9,1.0,0.9999998387996429,0.999999998121453
Gilbert,6,0.25,10,0,1.0,0.9999999904470555,0.9999999991146623
Gilbert,6,0.25,10,1,1.0,0.9999999067514043,0.9572190191121868
Gilbert,6,0.25,10,2,1.0,0.9999999904469729,0.9999999935726661
Gilbert,6,0.25,10,3,1.0,0.9999976499959157,0.9778885902139772
Gilbert,6,0.25,10,4,1.0,0.9999135247936404,0.9958909719418536
Gilbert,6,0.25,10,5,1.0,0.9999999999009909,0.9999999999999297
Gilbert,6,0.25,10,6,1.0,0.9999997870366353,0.9999983076859157
Gilbert,6,0.25,10,7,1.0,0.7500000000000003,0.4999999999999985
Gilbert,6,0.25,10,8,1.0,0.9999995260884126,0.9994769458106662
Gilbert,6,0.25,10,9,1.0,0.9999999999009898,0.9999999999999297
Gilbert,7,0.25,10,0,0.625,0.8601106781959827,0.944537039283071
Gilbert,7,0.25,10,1,1.0,0.9993857925334303,0.9363771755676854
Gilbert,7,0.25,10,2,1.0,0.9999977991448672,0.8872130607816902
Gilbert,7,0.25,10,3,1.0,0.9999989610382075,0.8315378547801707
Gilbert,7,0.25,10,4,1.0,0.9999963817548994,0.9970649698534055
Gilbert,7,0.25,10,5,1.0,0.9999997568900405,0.9999999478250995
Gilbert,7,0.25,10,6,1.0,0.9999999513303018,0.9849212620608544
Gilbert,7,0.25,10,7,1.0,0.9999998626140221,0.8701965253600502
Gilbert,7,0.25,10,8,1.0,0.999999511998999,0.8314238671047227
Gilbert,7,0.25,10,9,1.0,0.9999989478490308,0.8975121567846366
Gilbert,8,0.25,10,0,1.0,0.9999986570301973,0.9785688438321145
Gilbert,8,0.25,10,1,1.0,0.9999998090065961,0.8710859303354092
Gilbert,8,0.25,10,2,1.0,0.9956896448983968,0.9781598797723167
Gilbert,8,0.25,10,3,-0.25,0.9480639070567279,0.9083893845264732
Gilbert,8,0.25,10,4,1.0,0.9999997317612586,0.9392129047893054
Gilbert,8,0.25,10,5,1.0,0.9999993651353194,0.9605683071013509
Gilbert,8,0.25,10,6,1.0,0.9999999009445869,0.6378879030750537
Gilbert,8,0.25,10,7,1.0,0.9999999976062837,0.9999999960796409
Gilbert,8,0.25,10,8,1.0,0.9999999977458751,0.9839813640563786
Gilbert,8,0.25,10,9,1.0,0.9999999880377232,0.9363835962094719
Gilbert,9,0.25,10,0,1.0,0.9952767473031713,0.8828016582909359
Gilbert,9,0.25,10,1,1.0,0.999999991601709,0.8682154169269871
Gilbert,9,0.25,10,2,-0.875,0.9216441443306571,0.8362425348147019
Gilbert,9,0.25,10,3,-0.125,0.8262215533046784,0.7271610861172387
Gilbert,9,0.25,10,4,0.5,0.8134673557500383,0.9311262651277062
Gilbert,9,0.25,10,5,1.0,0.99999993658361,0.775302215076182
Gilbert,9,0.25,10,6,-0.375,0.8868106216807148,0.8863062124544066
Gilbert,9,0.25,10,7,1.0,0.9999994031956838,0.9917898009054668
Gilbert,9,0.25,10,8,1.0,0.9995895549864219,0.9909671376642356
Gilbert,9,0.25,10,9,0.75,0.8881128182224427,0.8960887342882118
Gilbert,10,0.25,10,0,1.0,0.9876374364614127,0.9384615964169217
Gilbert,10,0.25,10,1,1.0,0.999999998598366,0.9818424213383032
Gilbert,10,0.25,10,2,1.0,0.9999970464771856,0.8360252839744274
Gilbert,10,0.25,10,3,1.0,0.9999998392879906,0.9443618222844915
Gilbert,10,0.25,10,4,0.8,0.8898834587059122,0.8681832076502257
Gilbert,10,0.25,10,5,-0.5,0.9058303794623951,0.9401383407182509
Gilbert,10,0.25,10,6,1.0,0.9999998291762657,0.9129007017612522
Gilbert,10,0.25,10,7,1.0,0.9999999792164567,0.8689874941125835
Gilbert,10,0.25,10,8,1.0,0.9999997214306541,0.9999999947151783
Gilbert,10,0.25,10,9,1.0,0.9999996786122848,0.9627210046705994
Gilbert,11,0.25,10,0,1.0,0.9973280643057248,0.8977998219494604
Gilbert,11,0.25,10,1,1.0,0.9999999554565956,0.8621405013453598
Gilbert,11,0.25,10,2,-0.1,0.726762434095861,0.6999997965621694
Gilbert,11,0.25,10,3,1.0,0.998878453888667,0.7499999445870986
Gilbert,11,0.25,10,4,0.4,0.9238307373233179,0.988070809322154
Gilbert,11,0.25,10,5,0.4,0.9020804722429867,0.9385427353662662
Gilbert,11,0.25,10,6,0.9,0.9983619856125326,0.9709125085404479
Gilbert,11,0.25,10,7,1.0,0.9983031004800021,0.9554518393618182
Gilbert,11,0.25,10,8,0.5833333333333334,0.8518577563267687,0.9377133953732913
Gilbert,11,0.25,10,9,1.0,0.9999999724894346,0.8706081501343647
Gilbert,12,0.25,10,0,-0.4,0.7667112855061365,0.8672024919626475
Gilbert,12,0.25,10,1,1.0,0.9999999862332195,0.7523044990910349
Gilbert,12,0.25,10,2,0.4166666666666667,0.8574380216672219,0.7584599739268166
Gilbert,12,0.25,10,3,-0.4,0.8585915902863768,0.8585916092990349
Gilbert,12,0.25,10,4,-0.3,0.8595500443933114,0.8206326473166747
Gilbert,12,0.25,10,5,-0.9,0.824906309696485,0.824906484308689
Gilbert,12,0.25,10,6,0.5833333333333334,0.9327632591221401,0.9535590572733686
Gilbert,12,0.25,10,7,0.0,0.8164174866069389,0.7295957004196773
Gilbert,12,0.25,10,8,-1.4,0.8508844334606553,0.7086556309019366
Gilbert,12,0.25,10,9,1.0,0.9999994218176796,0.9077731902502294
Gilbert,13,0.25,10,0,1.0,0.9999999356850553,0.8941419025518077
Gilbert,13,0.25,10,1,1.0,0.9999999613358752,0.9867326784134969
Gilbert,13,0.25,10,2,1.0,0.9936734529730394,0.9193264256075713
Gilbert,13,0.25,10,3,-1.0833333333333333,0.7818843290345593,0.7984075252658882
Gilbert,13,0.25,10,4,-0.08333333333333333,0.8995085510645148,0.8995085557302497
Gilbert,13,0.25,10,5,0.5714285714285714,0.8749142643090677,0.812916388506822
Gilbert,13,0.25,10,6,0.16666666666666666,0.8263288061230712,0.7074373004387873
Gilbert,13,0.25,10,7,1.0,0.9999996093813381,0.8861379235665539
Gilbert,13,0.25,10,8,1.0,0.9999999553183945,0.865786956654526
Gilbert,13,0.25,10,9,-0.5,0.9026009764151484,0.8771897245066802
Gilbert,14,0.25,10,0,0.3333333333333333,0.9373439092281783,0.9467941559625958
Gilbert,14,0.25,10,1,1.0,0.9999994196418049,0.9613203263499894
Gilbert,14,0.25,10,2,-0.25,0.6705891568054966,0.6710057413996643
Gilbert,14,0.25,10,3,1.0,0.9999998181312886,0.8760308752180022
Gilbert,14,0.25,10,4,1.0,0.9679229291930265,0.862787107749323
Gilbert,14,0.25,10,5,-0.8333333333333334,0.49072151607845943,0.6008631171707073
Gilbert,14,0.25,10,6,0.21428571428571427,0.8797991235970825,0.9135599252956291
Gilbert,14,0.25,10,7,0.3333333333333333,0.5890916904906537,0.773620293704933
Gilbert,14,0.25,10,8,1.0,0.5411637336130212,0.7220866056715626
Gilbert,14,0.25,10,9,-0.3,0.808224590520361,0.7146011304124638
Gilbert,15,0.25,10,0,-0.3333333333333333,0.7939188925418659,0.7797913840371052
Gilbert,15,0.25,10,1,1.0,0.9953384913344544,0.919291170599051
Gilbert,15,0.25,10,2,-0.35714285714285715,0.8099201144586756,0.7846224706758775
Gilbert,15,0.25,10,3,-0.08333333333333333,0.6652656377209994,0.7159861993484683
Gilbert,15,0.25,10,4,0.35714285714285715,0.633850722731272,0.7719839761106534
Gilbert,15,0.25,10,5,0.125,0.8542172284228654,0.8659086061336676
Gilbert,15,0.25,10,6,0.3333333333333333,0.5278721987521301,0.7709261019383323
Gilbert,15,0.25,10,7,-1.1428571428571428,0.8866074974504146,0.7545120523153751
Gilbert,15,0.25,10,8,0.14285714285714285,0.8482203064193098,0.8485673446430465
Gilbert,15,0.25,10,9,-0.35714285714285715,0.8200715207665991,0.7488287777824559
complete,5,,1,0,-1.5,0.5801787318458183,0.5801787318458196
complete,6,,1,0,-1.5,0.5064361795699952,0.5064361795699917
complete,7,,1,0,-1.5,0.4567043183174029,0.45670431831739844
complete,8,,1,0,-1.5,0.4217547252063838,0.42175472520638735
complete,9,,1,0,-16.5,0.39665346912559585,0.3966534691255994
complete,10,,1,0,-1.5,0.48547756404623854,0.48547756404632025
complete,11,,1,0,-16.5,0.48553568955648885,0.48553568955642135
complete,12,,1,0,-5.0,0.4855761741348985,0.48557617413494825
complete,13,,1,0,-34.0,0.48561196670053874,0.4856119667004677
complete,14,,1,0,-45.0,0.485647882165253,0.48564788216462773
complete,15,,1,0,-45.0,0.4856853988944536,0.48568539889400597
complete,16,,1,0,-10.0,0.4857246515008242,0.4857246515008953
complete,17,,1,0,-16.5,0.48576527873420616,0.4857652787350162
complete,18,,1,0,-34.0,0.4858067842236409,0.4858067842226532
complete,19,,1,0,-34.0,0.4858486844219527,0.48584868442223694
complete,20,,1,0,-34.0,0.4858905623680698,0.4858905623693772
complete,5,,2,0,-5.0,0.6815264293803784,0.6815264293803782
complete,6,,2,0,1.0,0.07172309422880119,0.07172309422880296
complete,7,,2,0,-5.0,-1.658340025571973,-1.6583400255719671
complete,8,,2,0,-1.5,-0.6980026252486908,-0.6980026252486837
complete,9,,2,0,-16.5,-1.8530530900667053,-1.853053090066715
complete,10,,2,0,-10.0,-0.16416032419403592,-0.16416032419398086
complete,11,,2,0,-5.0,-0.10005244892638743,-0.10005244892626663
complete,12,,2,0,-5.0,-0.04579150018101075,-0.04579150018073008
complete,13,,2,0,-24.5,-0.0008985523252427186,-0.0008985523252960093
complete,14,,2,0,-24.5,0.03553825510210373,0.03553825510207531
complete,15,,2,0,-34.0,0.06476066033399519,0.0647606603330182
complete,16,,2,0,-45.0,0.08798598253474665,0.08798598253409295
complete,17,,2,0,-57.5,0.10630779322839601,0.10630779322725914
complete,18,,2,0,-34.0,0.12066195403789948,0.12066195403919266
complete,19,,2,0,-45.0,0.1318286639366022,0.13182866393599113
complete,20,,2,0,-71.5,0.14044861734058856,0.14044861733898273
complete,5,,3,0,1.0,0.8403663603109415,0.840366360310945
complete,6,,3,0,-5.0,0.8423136010058858,0.8423136010058734
complete,7,,3,0,-5.0,-0.4754518553541578,-0.4754518553541649
complete,8,,3,0,-10.0,0.3367661732176188,0.33676617409938103
complete,9,,3,0,-1.5,-5.020313698083408,-5.020313697219965
complete,10,,3,0,-24.5,0.7194679257738557,0.7194679267594317
complete,11,,3,0,-10.0,0.7541682444452231,0.7541682444455091
complete,12,,3,0,-34.0,0.7546956191611258,0.7546956191613887
complete,13,,3,0,-24.5,0.7555734461247567,0.7555734461256165
complete,14,,3,0,-5.0,0.7566099214339204,0.7566099313160137
complete,15,,3,0,-10.0,0.7577084368605185,0.7577084389921254
complete,16,,3,0,-71.5,0.7588154822251738,0.7588154800567537
complete,17,,3,0,-45.0,0.7599001457661672,0.7599001455533454
complete,18,,3,0,-34.0,0.7609445909133257,0.7609446403229327
complete,19,,3,0,-34.0,0.7619392510432874,0.7619393102647862
complete,20,,3,0,-142.5,0.7628796556926289,0.7628796338260244
complete,5,,5,0,-1.5,0.9999999973884819,0.999999986860161
complete,6,,5,0,-5.0,0.933725979315577,0.9337259785363203
complete,7,,5,0,-10.0,0.6366762585283414,0.6366762526794449
complete,8,,5,0,0.5,0.8610371080897554,0.835751916778591
complete,9,,5,0,-16.5,0.44151002331706835,0.4415100476827245
complete,10,,5,0,-5.0,-2.2880522124917597,-2.2880521077880793
complete,11,,5,0,-24.5,0.9922270183236463,0.992225580808249
complete,12,,5,0,-16.5,0.9910795095167302,0.9910794965620582
complete,13,,5,0,-24.5,0.9912799119952638,0.9912799849324045
complete,14,,5,0,-10.0,0.9915337705508129,0.9915370107845476
complete,15,,5,0,-5.0,0.9917919805512412,0.9917916331723191
complete,16,,5,0,-57.5,0.9920227679337827,0.9920227684895906
complete,17,,5,0,-34.0,0.9922225911686127,0.9540789166137316
complete,18,,5,0,-45.0,0.953438849941179,0.953441807208506
complete,19,,5,0,-10.0,0.9899413634976497,0.9925316795544035
complete,20,,5,0,-87.0,0.9521950190201949,0.9522226574663719
complete,5,,7,0,1.0,0.9999999973792462,0.9999999985559294
complete,6,,7,0,-1.5,0.9999999951515908,0.999999989329905
complete,7,,7,0,-5.0,0.9379301600456991,0.9999998015092215
complete,8,,7,0,-10.0,0.9704383174380933,0.8774706570136157
complete,9,,7,0,-5.0,0.7866798433917808,0.3804766272799398
complete,10,,7,0,-5.0,0.59854400662174,0.47379800285108686
complete,11,,7,0,-10.0,0.9999707835299247,0.9999812084160844
complete,12,,7,0,-34.0,0.9999700669585181,0.9999005947035258
complete,13,,7,0,-5.0,0.9999783406524756,0.9999323909903524
complete,14,,7,0,-34.0,0.9999617916385368,0.9999881617032003
complete,15,,7,0,-34.0,0.9999881841929152,0.9995477104247357
complete,16,,7,0,-24.5,0.9992394897240331,0.9885233405253828
complete,17,,7,0,-24.5,0.9999387788675733,0.999906340197299
complete,18,,7,0,-57.5,0.9998562992286608,0.9998470112443627
complete,19,,7,0,-24.5,0.9968957414795554,0.9983227332511717
complete,20,,7,0,-87.0,0.9997445963422535,0.9993732507703044
complete,5,,10,0,-1.5,0.9999999993305555,0.9999999972936262
complete,6,,10,0,-5.0,0.9999999187593276,0.9999999874090846
complete,7,,10,0,-1.5,0.999999931934501,0.9999999945533453
complete,8,,10,0,-5.0,0.9999989819240058,0.9999998118718993
complete,9,,10,0,-1.5,0.9999995921694893,0.999987157538655
complete,10,,10,0,-16.5,0.984763820341616,0.9999977532745135
complete,11,,10,0,-1.5,0.9999937507951202,0.999996207540768
complete,12,,10,0,-34.0,0.9999922685687714,0.9999934529849099
complete,13,,10,0,-34.0,0.9999952435860564,0.9999945425260606
complete,14,,10,0,-45.0,0.9999738291866294,0.9999242968399606
complete,15,,10,0,-1.5,0.9999727396664753,0.9998198352151917
complete,16,,10,0,-24.5,0.9999530353094173,0.9999689726176442
complete,17,,10,0,-57.5,0.999665449843306,0.9998927008157494
complete,18,,10,0,-87.0,0.9997447227846834,0.999911827060231
complete,19,,10,0,-24.5,0.9987536307738765,0.9998175605116302
complete,20,,10,0,-57.5,0.9994729379984335,0.9995623474435291
linear,5,,1,0,1.0,0.7609179498889121,0.4770887242410568
linear,6,,1,0,1.0,0.6552735643338948,0.5778230669070666
linear,7,,1,0,1.0,0.521499000442524,0.5094734937667075
linear,8,,1,0,1.0,0.6524311485417995,0.5858857052750643
linear,9,,1,0,1.0,0.5475783410097541,0.5299873882077235
linear,10,,1,0,1.0,0.6516310409342688,0.5913636419327771
linear,11,,1,0,1.0,0.5650796647985682,0.5440058789538816
linear,12,,1,0,1.0,0.6514201434116033,0.5952489256849921
linear,13,,1,0,1.0,0.577625518672641,0.5541615602892962
linear,14,,1,0,1.0,0.6514125328014478,0.5981292696767981
linear,15,,1,0,1.0,0.5870562435317541,0.5618481765161796
linear,16,,1,0,1.0,0.6514798531704129,0.6003438323954946
linear,17,,1,0,1.0,0.5944027269892924,0.5678649306226595
linear,18,,1,0,1.0,0.6515733628188524,0.6020971349463955
linear,19,,1,0,1.0,0.6002866467356336,0.5727010628540825
linear,20,,1,0,1.0,0.6516731134545539,0.603518611915357
linear,5,,2,0,1.0,0.9072021145803572,0.6468575260894188
linear,6,,2,0,1.0,0.7986018717782231,0.7536307829612978
linear,7,,2,0,1.0,0.7864319812849296,0.6456842273740792
linear,8,,2,0,1.0,0.8003361235341906,0.726341550679112
linear,9,,2,0,1.0,0.7885300197691671,0.5758422155850103
linear,10,,2,0,1.0,0.8021573257127207,0.6456462721749512
linear,11,,2,0,1.0,0.7909577865495252,0.59629290808391
linear,12,,2,0,1.0,0.8036809097266001,0.6546038619221914
linear,13,,2,0,1.0,0.7931840908105589,0.6111040398292577
linear,14,,2,0,1.0,0.8049162452128533,0.6611440813539683
linear,15,,2,0,1.0,0.7951187187261702,0.6223026219432767
linear,16,,2,0,1.0,0.8059215513248035,0.6661169383160279
linear,17,,2,0,1.0,0.7967784968032646,0.6310589584713314
linear,18,,2,0,1.0,0.8067494740479753,0.6700211627746265
linear,19,,2,0,1.0,0.7982030532523511,0.6380903068268008
linear,20,,2,0,1.0,0.807440482742031,0.6731659258254563
linear,5,,3,0,1.0,0.9780357495886963,0.5763579225478506
linear,6,,3,0,1.0,0.8437711961518143,0.7502741333849344
linear,7,,3,0,1.0,0.9877819282835233,0.6571151792320378
linear,8,,3,0,1.0,0.7703899905831545,0.7518994411119441
linear,9,,3,0,1.0,0.7862852695622122,0.6439593538903132
linear,10,,3,0,1.0,0.808976477227026,0.7184466368073241
linear,11,,3,0,1.0,0.874839417260036,0.6659405284362747
linear,12,,3,0,1.0,0.8363932517922152,0.7300691557147054
linear,13,,3,0,1.0,0.7389854377506487,0.6808913878628567
linear,14,,3,0,1.0,0.8566844226606972,0.7361162351774616
linear,15,,3,0,1.0,0.7666596039759297,0.6924929722816766
linear,16,,3,0,1.0,0.8722425380316327,0.7409376093013293
linear,17,,3,0,1.0,0.789024045266246,0.7017105101871156
linear,18,,3,0,1.0,0.8845217987047076,0.7448399483852
linear,19,,3,0,1.0,0.8074064740047657,0.7091946982460359
linear,20,,3,0,1.0,0.8944462207264527,0.7480519737721074
linear,5,,5,0,1.0,0.6666665760787426,0.8827933827294324
linear,6,,5,0,1.0,0.9999999999621153,0.9146714740654431
linear,7,,5,0,1.0,0.9999987835999404,0.7814059151890241
linear,8,,5,0,1.0,0.9999999999079354,0.8816312584708154
linear,9,,5,0,1.0,0.993295869656983,0.791178978103184
linear,10,,5,0,1.0,0.9735242342017643,0.8740200953281836
linear,11,,5,0,1.0,0.9962293230505802,0.7583487496310067
linear,12,,5,0,1.0,0.9965675833639763,0.8286706071240006
linear,13,,5,0,1.0,0.9999999998739771,0.7708089001692154
linear,14,,5,0,1.0,0.9848003163122963,0.8315162995508756
linear,15,,5,0,1.0,0.9926041958817636,0.7808243192448896
linear,16,,5,0,1.0,0.9999999999659841,0.8341741373626795
linear,17,,5,0,1.0,0.99999999987134,0.7889834559671173
linear,18,,5,0,1.0,0.9999999988388473,0.8365385908593185
linear,19,,5,0,1.0,0.9999999991039491,0.7957287794819645
linear,20,,5,0,1.0,0.9999999990400357,0.8386098843743538
linear,5,,7,0,1.0,0.999999955250845,0.8920780242975422
linear,6,,7,0,1.0,0.9999999987849245,0.9702178692882887
linear,7,,7,0,1.0,0.999999873399185,0.838814032571298
linear,8,,7,0,1.0,0.9999999999182092,0.9426914834371011
linear,9,,7,0,1.0,0.7983493706174536,0.8187124477816067
linear,10,,7,0,1.0,0.9999999961021586,0.9226030275844934
linear,11,,7,0,1.0,0.9995425812941733,0.8149703134563038
linear,12,,7,0,1.0,0.9999999076027658,0.8799217199119697
linear,13,,7,0,1.0,0.857142850372077,0.8196619289405345
linear,14,,7,0,1.0,0.9999999662962942,0.8804187465650263
linear,15,,7,0,1.0,0.9999999552480355,0.8371384513413209
linear,16,,7,0,1.0,0.9999803903055754,0.8894355858680937
linear,17,,7,0,1.0,0.9755276776476456,0.8371766882590905
linear,18,,7,0,1.0,0.9999993566383281,0.8838399621593376
linear,19,,7,0,1.0,0.9999979396351705,0.8311291253598257
linear,20,,7,0,1.0,0.9999999983000845,0.8741754001575558
linear,5,,10,0,1.0,0.9999979148099136,0.9989798674283605
linear,6,,10,0,1.0,0.999999391476995,0.9650564923789752
linear,7,,10,0,1.0,0.9999994655833684,0.9338845406671574
linear,8,,10,0,1.0,0.9999999846610617,0.989614780773367
linear,9,,10,0,1.0,0.7997913797700443,0.8607379938862068
linear,10,,10,0,1.0,0.9999993864046935,0.9428380249909706
linear,11,,10,0,1.0,0.8332193807228535,0.8920175846799129
linear,12,,10,0,1.0,0.9999997422390857,0.9688705059681927
linear,13,,10,0,1.0,0.857138729549245,0.8767831046453926
linear,14,,10,0,1.0,0.9999990149463115,0.9432726813286588
linear,15,,10,0,1.0,0.9999999948358231,0.8516771172262632
linear,16,,10,0,1.0,0.9999980431958992,0.925984045162977
linear,17,,10,0,1.0,0.9999251240081652,0.8758848184097641
linear,18,,10,0,1.0,0.9999999072859218,0.9288662914158551
linear,19,,10,0,1.0,0.9999998023845151,0.8647826094629476
linear,20,,10,0,1.0,0.9999999890234669,0.909201705461987
circular,5,,1,0,-0.25,0.7712509435331883,0.7712509435331886
circular,6,,1,0,1.0,0.6534659776008458,0.6170007548265507
circular,7,,1,0,0.16666666666666666,0.719834213964309,0.7198342139643091
circular,8,,1,0,1.0,0.6534659776008462,0.6170007548265508
circular,9,,1,0,0.625,0.6941258491798694,0.6941258491798699
circular,10,,1,0,1.0,0.6534659776008457,0.6170007548265504
circular,11,,1,0,0.1,0.6787008303092057,0.6787008303092061
circular,12,,1,0,1.0,0.6534659776008462,0.6170007548265509
circular,13,,1,0,0.25,0.6684174843954297,0.6684174843954303
circular,14,,1,0,1.0,0.6534659776008453,0.6170007548265508
circular,15,,1,0,0.14285714285714285,0.6610722373141612,0.6610722373141618
circular,16,,1,0,1.0,0.6534659776008458,0.6170007548265508
circular,17,,1,0,0.4375,0.6555633020032098,0.6555633020032103
circular,18,,1,0,1.0,0.6534659776008449,0.6170007548265509
circular,19,,1,0,0.5,0.6512785745391364,0.6512785745391372
circular,20,,1,0,1.0,0.6534659776008455,0.6170007548265508
circular,5,,2,0,0.25,0.810572795776286,0.810572795776287
circular,6,,2,0,1.0,0.8147711857542377,0.7021778912678851
circular,7,,2,0,0.16666666666666666,0.8192075398125326,0.8192075398125325
circular,8,,2,0,1.0,0.8147711857542379,0.7021778912678847
circular,9,,2,0,0.5,0.7899501276763703,0.7899501276763709
circular,10,,2,0,1.0,0.8147711857542369,0.7021778912678853
circular,11,,2,0,0.7,0.7723956803946732,0.7723956803946732
circular,12,,2,0,1.0,0.8147711857542367,0.7021778912678854
circular,13,,2,0,0.4166666666666667,0.7606927155402085,0.7606927155402085
circular,14,,2,0,1.0,0.8147711857542378,0.7021778912678845
circular,15,,2,0,0.5714285714285714,0.7523334549298765,0.7523334549298774
circular,16,,2,0,1.0,0.8147711857542359,0.7021778912678847
circular,17,,2,0,-0.125,0.7460640094721276,0.7460640094721285
circular,18,,2,0,1.0,0.8147711857542382,0.7021778912678847
circular,19,,2,0,0.3888888888888889,0.7411877741161006,0.7411877741161005
circular,20,,2,0,1.0,0.8147711857542363,0.7021778912678857
circular,5,,3,0,-1.25,0.9658732966804067,0.9658732966804306
circular,6,,3,0,1.0,0.9866731723417251,0.8103462805597029
circular,7,,3,0,0.5,0.9039736559925888,0.9039736559925888
circular,8,,3,0,1.0,0.9866571250176212,0.7803314794704949
circular,9,,3,0,0.0,0.8778729144043064,0.8778729144043073
circular,10,,3,0,1.0,0.9866571250176204,0.7803314794704941
circular,11,,3,0,0.5,0.8583646274175439,0.8583646274175436
circular,12,,3,0,1.0,0.9866571250176187,0.7803314794704943
circular,13,,3,0,0.3333333333333333,0.8453591027597014,0.8453591027597026
circular,14,,3,0,1.0,0.9866571250176185,0.7803314794704935
circular,15,,3,0,0.07142857142857142,0.8360694422898146,0.8360694422898145
circular,16,,3,0,1.0,0.986657125017617,0.7803314794704933
circular,17,,3,0,0.1875,0.8291021969373996,0.8291021969373992
circular,18,,3,0,1.0,0.9866571250176186,0.7803314794704929
circular,19,,3,0,0.16666666666666666,0.8236832283299655,0.8236832283299651
circular,20,,3,0,1.0,0.9866571250176186,0.7803314794704928
circular,5,,5,0,0.75,0.9977862411007167,0.997786239914525
circular,6,,5,0,1.0,0.9999999875790646,0.9949818558336458
circular,7,,5,0,0.8333333333333334,0.990456670846863,0.9904566708468637
circular,8,,5,0,1.0,0.9999999952487132,0.8899363130544088
circular,9,,5,0,0.125,0.9547018242524642,0.9547018242524634
circular,10,,5,0,1.0,0.9999999916311811,0.8677647755068983
circular,11,,5,0,0.4,0.9481461023781195,0.948146102378115
circular,12,,5,0,1.0,0.9999999853915029,0.8635180862448447
circular,13,,5,0,0.3333333333333333,0.93547792676525,0.9354779267652483
circular,14,,5,0,1.0,0.9999999839497983,0.8635180862448447
circular,15,,5,0,0.21428571428571427,0.9251979495480506,0.9251979495480503
circular,16,,5,0,1.0,0.9999999854864297,0.8635180862448474
circular,17,,5,0,0.3125,0.9174879666351525,0.9174879666351513
circular,18,,5,0,1.0,0.9999999958737011,0.8635180862448502
circular,19,,5,0,0.3333333333333333,0.9114913132584448,0.911491313258446
circular,20,,5,0,1.0,0.9999999958514035,0.8635180862448457
circular,5,,7,0,0.25,0.999883241601571,0.9999327520485315
circular,6,,7,0,1.0,0.9960401777510476,0.999977138491316
circular,7,,7,0,0.16666666666666666,0.9997867164648246,0.9997867079927314
circular,8,,7,0,1.0,0.999999662598805,0.9975419922103423
circular,9,,7,0,-0.25,0.9966649077560445,0.9966649072940978
circular,10,,7,0,1.0,0.9999999516638722,0.9747708059136523
circular,11,,7,0,0.6,0.9896919791610793,0.9896919799361775
circular,12,,7,0,1.0,0.998961580810505,0.930614535798523
circular,13,,7,0,0.5,0.9774969272453861,0.9774969272453862
circular,14,,7,0,1.0,0.9989615855982606,0.9024802129957513
circular,15,,7,0,0.0,0.9669434415495103,0.9669434415480599
circular,16,,7,0,1.0,0.9986062967574015,0.9024807102200171
circular,17,,7,0,0.5625,0.9588857539558396,0.958885754113682
circular,18,,7,0,1.0,0.9999990416336604,0.9024807099507951
circular,19,,7,0,-0.05555555555555555,0.9526185271589939,0.9526185271700656
circular,20,,7,0,1.0,0.9999999543134848,0.9024807099009404
circular,5,,10,0,-0.25,0.999999963752649,0.9999999984688228
circular,6,,10,0,1.0,0.9991946690521424,0.9999993996423777
circular,7,,10,0,0.16666666666666666,0.9999991197857355,0.9999848470057123
circular,8,,10,0,1.0,0.9999992024140258,0.999999807849425
circular,9,,10,0,-0.5,0.999542933639767,0.9995429233141987
circular,10,,10,0,1.0,0.9999958311302027,0.999566683522836
circular,11,,10,0,-0.4,0.9985651134116675,0.9985651158793274
circular,12,,10,0,1.0,0.9999974275668156,0.9957537097234056
circular,13,,10,0,0.3333333333333333,0.9895477298813363,0.9933917981431847
circular,14,,10,0,1.0,0.9999999544171684,0.9167900038391584
circular,15,,10,0,0.14285714285714285,0.9846398375032732,0.9814136124801859
circular,16,,10,0,1.0,0.9999997744555149,0.9135490746642663
circular,17,,10,0,0.375,0.9837369176790282,0.97702828399056
circular,18,,10,0,1.0,0.9998604010810475,0.9192192934591223
circular,19,,10,0,0.1111111111111111,0.9675201824064362,0.9774292179742317
circular,20,,10,0,1.0,0.9999973277779042,0.9191864397794429
