family,N,q,p,relax_ratio_mean,relax_ratio_stderr,opt_warm_ratio_mean,opt_warm_ratio_stderr,opt_cold_ratio_mean,opt_cold_ratio_stderr
Gilbert,5,0.25,1,1.0,0.0,0.8432694956320808,0.016303202221567975,0.5797690076446975,0.05798832659231571
Gilbert,6,0.25,1,1.0,0.0,0.7013815824682187,0.09183315102851886,0.5910046473629441,0.04532291632720204
Gilbert,7,0.25,1,0.95,0.049999999999999996,0.4683797160950574,0.08343889201674061,0.4249669473160007,0.04462023326905233
Gilbert,8,0.25,1,0.95,0.049999999999999996,0.43170346217130595,0.05756123164616143,0.43682504054670657,0.032199808107460905
Gilbert,9,0.25,1,0.7125,0.1845132485457044,0.4765950731926164,0.06595989218668007,0.4179239072591215,0.03478634256618483
Gilbert,10,0.25,1,0.85,0.11279282877125754,0.485646106680888,0.07767784728696316,0.37436681529812377,0.042024346578706455
Gilbert,11,0.25,1,0.5566666666666668,0.22083176100069177,0.40291979718566734,0.0659811039351297,0.339426339705618,0.017137390292118294
Gilbert,12,0.25,1,0.07499999999999998,0.27328872716426067,0.3493200173061278,0.03775939591145597,0.30263141711209285,0.013144031787459196
Gilbert,13,0.25,1,0.6964285714285714,0.12299346954213705,0.30064151558442753,0.028688154056917332,0.33809701057990316,0.03523740616276912
Gilbert,14,0.25,1,0.5071428571428571,0.24002655853722726,0.29247245502714236,0.03380535716711598,0.2391237592574697,0.01609079369472043
Gilbert,15,0.25,1,-0.20595238095238097,0.25635688474421187,0.28207480588787254,0.054668819142491894,0.25244302852359723,0.010243298920465736
Gilbert,5,0.25,2,1.0,0.0,0.9281789472919681,0.023020635737167238,0.7834489172988814,0.050629475325840556
Gilbert,6,0.25,2,1.0,0.0,0.9216654026946095,0.028342466680299567,0.7504464884583681,0.060006954782586316
Gilbert,7,0.25,2,0.975,0.024999999999999998,0.8266182191057903,0.03597244764688487,0.5929127569860178,0.05470830006541248
Gilbert,8,0.25,2,1.0,0.0,0.7536431640652743,0.03928376362089063,0.6147518097830428,0.040631933868225854
Gilbert,9,0.25,2,0.5375,0.19899923227099256,0.7127237382765481,0.058925158389389706,0.5908315177493961,0.04160045385121022
Gilbert,10,0.25,2,0.79,0.14019827229875392,0.7091907219974983,0.06254454143869947,0.5487146970066793,0.048194685242699375
Gilbert,11,0.25,2,0.595,0.20391310785615416,0.6918687919633342,0.049335778186003744,0.5452946800423141,0.04063674902404003
Gilbert,12,0.25,2,-0.040000000000000015,0.2637596174596656,0.4954187055706004,0.033148530832698746,0.47740042534049215,0.019712497751621202
Gilbert,13,0.25,2,0.45928571428571435,0.2648246209644878,0.5604536170665761,0.057655108800596745,0.479562140223689,0.04197229075066782
Gilbert,14,0.25,2,0.37428571428571433,0.21667038778129105,0.5043626221383739,0.09157406342411135,0.3016358790374156,0.08086068975777129
Gilbert,15,0.25,2,-0.04166666666666667,0.19489137169820697,0.4674363978331348,0.04952756913295334,0.4116472547418709,0.02991453795464299
Gilbert,5,0.25,3,1.0,0.0,0.9497608528731251,0.023450145917892556,0.8812615222035951,0.049290095250005175
Gilbert,6,0.25,3,1.0,0.0,0.9603149176386696,0.024159583735995072,0.8170135003872325,0.06339297228563394
Gilbert,7,0.25,3,0.9625,0.0375,0.9311010296776739,0.03715203053801655,0.7328554254275398,0.03897319096041278
Gilbert,8,0.25,3,0.9625,0.0375,0.7815785680686952,0.05851397579356925,0.6822293661015376,0.03731986810109458
Gilbert,9,0.25,3,0.3,0.28333333333333327,0.7423861646765487,0.08487399962877482,0.6205201054891087,0.058746929404897154
Gilbert,10,0.25,3,0.74,0.17587874611030557,0.8100534958529039,0.07187650671049806,0.6151927696709059,0.07205851122165759
Gilbert,11,0.25,3,0.6599999999999999,0.21457969252574774,0.6625907439511369,0.08594812643727237,0.638066014083096,0.03186178293047022
Gilbert,12,0.25,3,-0.07666666666666666,0.33251009452791497,0.628983805403154,0.05196043183525111,0.5349970252296845,0.03825340088965211
Gilbert,13,0.25,3,0.44523809523809527,0.22997529636083952,0.6850697265756238,0.055184102153815855,0.575471006915145,0.03858703787359
Gilbert,14,0.25,3,0.3721428571428571,0.31324101862955084,0.6101142689664304,0.0803686155229671,0.4488474560053689,0.05153529939742154
Gilbert,15,0.25,3,0.0014880952380952716,0.29529357690948166,0.42639638650881573,0.07536094693444463,0.5138620184795407,0.02947193920458713
Gilbert,5,0.25,5,1.0,0.0,0.9683274396243995,0.024445179057688234,0.9204558724983343,0.04809241998474113
Gilbert,6,0.25,5,1.0,0.0,0.9577050401194,0.026372065712182476,0.8795910953766348,0.053794181382080225
Gilbert,7,0.25,5,0.9125,0.08750000000000001,0.9762190323077764,0.021482841673011732,0.7737756819006422,0.04290981245846654
Gilbert,8,0.25,5,0.9625,0.0375,0.8917141054332651,0.06561623734252886,0.8174524604512678,0.02619899015101901
Gilbert,9,0.25,5,0.5875,0.19189298232782423,0.8300768283675938,0.0696740037864258,0.7791822160396543,0.031648998726902584
Gilbert,10,0.25,5,0.86,0.11075498483890767,0.9416136783838415,0.03265324335169139,0.775139042182994,0.02901289820423278
Gilbert,11,0.25,5,0.735,0.11106804721030757,0.9033651597622493,0.03583717386025322,0.7455707703285749,0.041293326607536075
Gilbert,12,0.25,5,0.2816666666666667,0.16814988170096754,0.7665635355037508,0.037427493606906975,0.7022326746645634,0.021853361041892116
Gilbert,13,0.25,5,0.46119047619047615,0.1810658409262082,0.7702857187052953,0.05506131679820589,0.7200316759724525,0.03473964127057398
Gilbert,14,0.25,5,0.36404761904761906,0.24538918908424948,0.7734088872325913,0.054060783839469446,0.6671819736321968,0.05269825766265902
Gilbert,15,0.25,5,0.07351190476190475,0.16772038525401617,0.5275139603817504,0.10420255095771519,0.5892816303083285,0.06593906608940332
Gilbert,5,0.25,7,1.0,0.0,0.9746561084084572,0.024962391336484008,0.9464499727195665,0.04965518150723887
Gilbert,6,0.25,7,1.0,0.0,0.9748642855922368,0.02498527868588171,0.9315488687889047,0.04891367917791374
Gilbert,7,0.25,7,0.9125,0.08750000000000001,0.9759926548580289,0.02372488777216858,0.8682724724171997,0.03174270538579998
Gilbert,8,0.25,7,0.9125,0.08750000000000001,0.9747152298490633,0.01989072414249558,0.8670174558238847,0.028885993019470542
Gilbert,9,0.25,7,0.75,0.09128709291752768,0.8953982991333225,0.039491309549676994,0.8381119172276452,0.028444179764248515
Gilbert,10,0.25,7,0.82,0.12806248474865697,0.9637558475705987,0.024175316768841455,0.8543341485620953,0.03320009627867163
Gilbert,11,0.25,7,0.4616666666666666,0.2459806526568329,0.9348876022813274,0.028719452029341223,0.8147522264395979,0.03365881375141754
Gilbert,12,0.25,7,0.14166666666666666,0.210661070014735,0.7968113694253735,0.040625891108603214,0.7543257373805188,0.02791915664881582
Gilbert,13,0.25,7,0.36357142857142855,0.2694577222807871,0.7371316874706959,0.06338042679695147,0.8083234021199301,0.02681824072934249
Gilbert,14,0.25,7,0.2461904761904762,0.2766826940325735,0.7895075067878257,0.06047471661648641,0.6962964697273754,0.08154426610040529
Gilbert,15,0.25,7,0.11398809523809525,0.24980074022449264,0.7004903087140333,0.07431361696154332,0.7039264084169338,0.03146335987690102
Gilbert,5,0.25,10,1.0,0.0,0.9749779825592804,0.024997557668940455,0.9497209193404167,0.04996962680128296
Gilbert,6,0.25,10,1.0,0.0,0.9749910375362016,0.024999005635470514,0.9430473827451786,0.04943011658974719
Gilbert,7,0.25,10,0.9625,0.0375,0.9859487643349782,0.013982142336606234,0.9180783859401386,0.020308585673736418
Gilbert,8,0.25,10,0.875,0.125,0.9943750999222966,0.005163484939454532,0.9194238109777515,0.033615662482904374
Gilbert,9,0.25,10,0.4875,0.22004576544184826,0.9331122126959126,0.02397830257915272,0.8786001061666073,0.026684656449498283
Gilbert,10,0.25,10,0.8300000000000001,0.14910846164230027,0.9783347367428924,0.01352058790839465,0.9253621867642234,0.016829645929494114
Gilbert,11,0.25,10,0.7183333333333333,0.12111748199349441,0.939740293222189,0.029001248886958403,0.887123950254243,0.030168422626558323
Gilbert,12,0.25,10,-0.039999999999999994,0.2511725588534457,0.8767261838790166,0.024409083930666386,0.8181681284750109,0.025427635911683757
Gilbert,13,0.25,10,0.40714285714285714,0.23868181712512723,0.9278909841640065,0.02603642649789125,0.8647585381242383,0.024124445519247827
Gilbert,14,0.25,10,0.3497619047619048,0.20794633746305394,0.7884855887299371,0.06289760256674162,0.8042669278934872,0.039491749687284826
Gilbert,15,0.25,10,-0.03154761904761904,0.18086283376760404,0.7835282610598586,0.04327691637655195,0.7960418083584033,0.019663122188606337
complete,5,,1,-1.5,nan,0.5801787318458183,nan,0.5801787318458196,nan
complete,6,,1,-1.5,nan,0.5064361795699952,nan,0.5064361795699917,nan
complete,7,,1,-1.5,nan,0.4567043183174029,nan,0.45670431831739844,nan
complete,8,,1,-1.5,nan,0.4217547252063838,nan,0.42175472520638735,nan
complete,9,,1,-16.5,nan,0.39665346912559585,nan,0.3966534691255994,nan
complete,10,,1,-1.5,nan,0.48547756404623854,nan,0.48547756404632025,nan
complete,11,,1,-16.5,nan,0.48553568955648885,nan,0.48553568955642135,nan
complete,12,,1,-5.0,nan,0.4855761741348985,nan,0.48557617413494825,nan
complete,13,,1,-34.0,nan,0.48561196670053874,nan,0.4856119667004677,nan
complete,14,,1,-45.0,nan,0.485647882165253,nan,0.48564788216462773,nan
complete,15,,1,-45.0,nan,0.4856853988944536,nan,0.48568539889400597,nan
complete,16,,1,-10.0,nan,0.4857246515008242,nan,0.4857246515008953,nan
complete,17,,1,-16.5,nan,0.48576527873420616,nan,0.4857652787350162,nan
complete,18,,1,-34.0,nan,0.4858067842236409,nan,0.4858067842226532,nan
complete,19,,1,-34.0,nan,0.4858486844219527,nan,0.48584868442223694,nan
complete,20,,1,-34.0,nan,0.4858905623680698,nan,0.4858905623693772,nan
complete,5,,2,-5.0,nan,0.6815264293803784,nan,0.6815264293803782,nan
complete,6,,2,1.0,nan,0.07172309422880119,nan,0.07172309422880296,nan
complete,7,,2,-5.0,nan,-1.658340025571973,nan,-1.6583400255719671,nan
complete,8,,2,-1.5,nan,-0.6980026252486908,nan,-0.6980026252486837,nan
complete,9,,2,-16.5,nan,-1.8530530900667053,nan,-1.853053090066715,nan
complete,10,,2,-10.0,nan,-0.16416032419403592,nan,-0.16416032419398086,nan
complete,11,,2,-5.0,nan,-0.10005244892638743,nan,-0.10005244892626663,nan
complete,12,,2,-5.0,nan,-0.04579150018101075,nan,-0.04579150018073008,nan
complete,13,,2,-24.5,nan,-0.0008985523252427186,nan,-0.0008985523252960093,nan
complete,14,,2,-24.5,nan,0.03553825510210373,nan,0.03553825510207531,nan
complete,15,,2,-34.0,nan,0.06476066033399519,nan,0.0647606603330182,nan
complete,16,,2,-45.0,nan,0.08798598253474665,nan,0.08798598253409295,nan
complete,17,,2,-57.5,nan,0.10630779322839601,nan,0.10630779322725914,nan
complete,18,,2,-34.0,nan,0.12066195403789948,nan,0.12066195403919266,nan
complete,19,,2,-45.0,nan,0.1318286639366022,nan,0.13182866393599113,nan
complete,20,,2,-71.5,nan,0.14044861734058856,nan,0.14044861733898273,nan
complete,5,,3,1.0,nan,0.8403663603109415,nan,0.840366360310945,nan
complete,6,,3,-5.0,nan,0.8423136010058858,nan,0.8423136010058734,nan
complete,7,,3,-5.0,nan,-0.4754518553541578,nan,-0.4754518553541649,nan
complete,8,,3,-10.0,nan,0.3367661732176188,nan,0.33676617409938103,nan
complete,9,,3,-1.5,nan,-5.020313698083408,nan,-5.020313697219965,nan
complete,10,,3,-24.5,nan,0.7194679257738557,nan,0.7194679267594317,nan
complete,11,,3,-10.0,nan,0.7541682444452231,nan,0.7541682444455091,nan
complete,12,,3,-34.0,nan,0.7546956191611258,nan,0.7546956191613887,nan
complete,13,,3,-24.5,nan,0.7555734461247567,nan,0.7555734461256165,nan
complete,14,,3,-5.0,nan,0.7566099214339204,nan,0.7566099313160137,nan
complete,15,,3,-10.0,nan,0.7577084368605185,nan,0.7577084389921254,nan
complete,16,,3,-71.5,nan,0.7588154822251738,nan,0.7588154800567537,nan
complete,17,,3,-45.0,nan,0.7599001457661672,nan,0.7599001455533454,nan
complete,18,,3,-34.0,nan,0.7609445909133257,nan,0.7609446403229327,nan
complete,19,,3,-34.0,nan,0.7619392510432874,nan,0.7619393102647862,nan
complete,20,,3,-142.5,nan,0.7628796556926289,nan,0.7628796338260244,nan
complete,5,,5,-1.5,nan,0.9999999973884819,nan,0.999999986860161,nan
complete,6,,5,-5.0,nan,0.933725979315577,nan,0.9337259785363203,nan
complete,7,,5,-10.0,nan,0.6366762585283414,nan,0.6366762526794449,nan
complete,8,,5,0.5,nan,0.8610371080897554,nan,0.835751916778591,nan
complete,9,,5,-16.5,nan,0.44151002331706835,nan,0.4415100476827245,nan
complete,10,,5,-5.0,nan,-2.2880522124917597,nan,-2.2880521077880793,nan
complete,11,,5,-24.5,nan,0.9922270183236463,nan,0.992225580808249,nan
complete,12,,5,-16.5,nan,0.9910795095167302,nan,0.9910794965620582,nan
complete,13,,5,-24.5,nan,0.9912799119952638,nan,0.9912799849324045,nan
complete,14,,5,-10.0,nan,0.9915337705508129,nan,0.9915370107845476,nan
complete,15,,5,-5.0,nan,0.9917919805512412,nan,0.9917916331723191,nan
complete,16,,5,-57.5,nan,0.9920227679337827,nan,0.9920227684895906,nan
complete,17,,5,-34.0,nan,0.9922225911686127,nan,0.9540789166137316,nan
complete,18,,5,-45.0,nan,0.953438849941179,nan,0.953441807208506,nan
complete,19,,5,-10.0,nan,0.9899413634976497,nan,0.9925316795544035,nan
complete,20,,5,-87.0,nan,0.9521950190201949,nan,0.9522226574663719,nan
complete,5,,7,1.0,nan,0.9999999973792462,nan,0.9999999985559294,nan
complete,6,,7,-1.5,nan,0.9999999951515908,nan,0.999999989329905,nan
complete,7,,7,-5.0,nan,0.9379301600456991,nan,0.9999998015092215,nan
complete,8,,7,-10.0,nan,0.9704383174380933,nan,0.8774706570136157,nan
complete,9,,7,-5.0,nan,0.7866798433917808,nan,0.3804766272799398,nan
complete,10,,7,-5.0,nan,0.59854400662174,nan,0.47379800285108686,nan
complete,11,,7,-10.0,nan,0.9999707835299247,nan,0.9999812084160844,nan
complete,12,,7,-34.0,nan,0.9999700669585181,nan,0.9999005947035258,nan
complete,13,,7,-5.0,nan,0.9999783406524756,nan,0.9999323909903524,nan
complete,14,,7,-34.0,nan,0.9999617916385368,nan,0.9999881617032003,nan
complete,15,,7,-34.0,nan,0.9999881841929152,nan,0.9995477104247357,nan
complete,16,,7,-24.5,nan,0.9992394897240331,nan,0.9885233405253828,nan
complete,17,,7,-24.5,nan,0.9999387788675733,nan,0.999906340197299,nan
complete,18,,7,-57.5,nan,0.9998562992286608,nan,0.9998470112443627,nan
complete,19,,7,-24.5,nan,0.9968957414795554,nan,0.9983227332511717,nan
complete,20,,7,-87.0,nan,0.9997445963422535,nan,0.9993732507703044,nan
complete,5,,10,-1.5,nan,0.9999999993305555,nan,0.9999999972936262,nan
complete,6,,10,-5.0,nan,0.9999999187593276,nan,0.9999999874090846,nan
complete,7,,10,-1.5,nan,0.999999931934501,nan,0.9999999945533453,nan
complete,8,,10,-5.0,nan,0.9999989819240058,nan,0.9999998118718993,nan
complete,9,,10,-1.5,nan,0.9999995921694893,nan,0.999987157538655,nan
complete,10,,10,-16.5,nan,0.984763820341616,nan,0.9999977532745135,nan
complete,11,,10,-1.5,nan,0.9999937507951202,nan,0.999996207540768,nan
complete,12,,10,-34.0,nan,0.9999922685687714,nan,0.9999934529849099,nan
complete,13,,10,-34.0,nan,0.9999952435860564,nan,0.9999945425260606,nan
complete,14,,10,-45.0,nan,0.9999738291866294,nan,0.9999242968399606,nan
complete,15,,10,-1.5,nan,0.9999727396664753,nan,0.9998198352151917,nan
complete,16,,10,-24.5,nan,0.9999530353094173,nan,0.9999689726176442,nan
complete,17,,10,-57.5,nan,0.999665449843306,nan,0.9998927008157494,nan
complete,18,,10,-87.0,nan,0.9997447227846834,nan,0.999911827060231,nan
complete,19,,10,-24.5,nan,0.9987536307738765,nan,0.9998175605116302,nan
complete,20,,10,-57.5,nan,0.9994729379984335,nan,0.9995623474435291,nan
linear,5,,1,1.0,nan,0.7609179498889121,nan,0.4770887242410568,nan
linear,6,,1,1.0,nan,0.6552735643338948,nan,0.5778230669070666,nan
linear,7,,1,1.0,nan,0.521499000442524,nan,0.5094734937667075,nan
linear,8,,1,1.0,nan,0.6524311485417995,nan,0.5858857052750643,nan
linear,9,,1,1.0,nan,0.5475783410097541,nan,0.5299873882077235,nan
linear,10,,1,1.0,nan,0.6516310409342688,nan,0.5913636419327771,nan
linear,11,,1,1.0,nan,0.5650796647985682,nan,0.5440058789538816,nan
linear,12,,1,1.0,nan,0.6514201434116033,nan,0.5952489256849921,nan
linear,13,,1,1.0,nan,0.577625518672641,nan,0.5541615602892962,nan
linear,14,,1,1.0,nan,0.6514125328014478,nan,0.5981292696767981,nan
linear,15,,1,1.0,nan,0.5870562435317541,nan,0.5618481765161796,nan
linear,16,,1,1.0,nan,0.6514798531704129,nan,0.6003438323954946,nan
linear,17,,1,1.0,nan,0.5944027269892924,nan,0.5678649306226595,nan
linear,18,,1,1.0,nan,0.6515733628188524,nan,0.6020971349463955,nan
linear,19,,1,1.0,nan,0.6002866467356336,nan,0.5727010628540825,nan
linear,20,,1,1.0,nan,0.6516731134545539,nan,0.603518611915357,nan
linear,5,,2,1.0,nan,0.9072021145803572,nan,0.6468575260894188,nan
linear,6,,2,1.0,nan,0.7986018717782231,nan,0.7536307829612978,nan
linear,7,,2,1.0,nan,0.7864319812849296,nan,0.6456842273740792,nan
linear,8,,2,1.0,nan,0.8003361235341906,nan,0.726341550679112,nan
linear,9,,2,1.0,nan,0.7885300197691671,nan,0.5758422155850103,nan
linear,10,,2,1.0,nan,0.8021573257127207,nan,0.6456462721749512,nan
linear,11,,2,1.0,nan,0.7909577865495252,nan,0.59629290808391,nan
linear,12,,2,1.0,nan,0.8036809097266001,nan,0.6546038619221914,nan
linear,13,,2,1.0,nan,0.7931840908105589,nan,0.6111040398292577,nan
linear,14,,2,1.0,nan,0.8049162452128533,nan,0.6611440813539683,nan
linear,15,,2,1.0,nan,0.7951187187261702,nan,0.6223026219432767,nan
linear,16,,2,1.0,nan,0.8059215513248035,nan,0.6661169383160279,nan
linear,17,,2,1.0,nan,0.7967784968032646,nan,0.6310589584713314,nan
linear,18,,2,1.0,nan,0.8067494740479753,nan,0.6700211627746265,nan
linear,19,,2,1.0,nan,0.7982030532523511,nan,0.6380903068268008,nan
linear,20,,2,1.0,nan,0.807440482742031,nan,0.6731659258254563,nan
linear,5,,3,1.0,nan,0.9780357495886963,nan,0.5763579225478506,nan
linear,6,,3,1.0,nan,0.8437711961518143,nan,0.7502741333849344,nan
linear,7,,3,1.0,nan,0.9877819282835233,nan,0.6571151792320378,nan
linear,8,,3,1.0,nan,0.7703899905831545,nan,0.7518994411119441,nan
linear,9,,3,1.0,nan,0.7862852695622122,nan,0.6439593538903132,nan
linear,10,,3,1.0,nan,0.808976477227026,nan,0.7184466368073241,nan
linear,11,,3,1.0,nan,0.874839417260036,nan,0.6659405284362747,nan
linear,12,,3,1.0,nan,0.8363932517922152,nan,0.7300691557147054,nan
linear,13,,3,1.0,nan,0.7389854377506487,nan,0.6808913878628567,nan
linear,14,,3,1.0,nan,0.8566844226606972,nan,0.7361162351774616,nan
linear,15,,3,1.0,nan,0.7666596039759297,nan,0.6924929722816766,nan
linear,16,,3,1.0,nan,0.8722425380316327,nan,0.7409376093013293,nan
linear,17,,3,1.0,nan,0.789024045266246,nan,0.7017105101871156,nan
linear,18,,3,1.0,nan,0.8845217987047076,nan,0.7448399483852,nan
linear,19,,3,1.0,nan,0.8074064740047657,nan,0.7091946982460359,nan
linear,20,,3,1.0,nan,0.8944462207264527,nan,0.7480519737721074,nan
linear,5,,5,1.0,nan,0.6666665760787426,nan,0.8827933827294324,nan
linear,6,,5,1.0,nan,0.9999999999621153,nan,0.9146714740654431,nan
linear,7,,5,1.0,nan,0.9999987835999404,nan,0.7814059151890241,nan
linear,8,,5,1.0,nan,0.9999999999079354,nan,0.8816312584708154,nan
linear,9,,5,1.0,nan,0.993295869656983,nan,0.791178978103184,nan
linear,10,,5,1.0,nan,0.9735242342017643,nan,0.8740200953281836,nan
linear,11,,5,1.0,nan,0.9962293230505802,nan,0.7583487496310067,nan
linear,12,,5,1.0,nan,0.9965675833639763,nan,0.8286706071240006,nan
linear,13,,5,1.0,nan,0.9999999998739771,nan,0.7708089001692154,nan
linear,14,,5,1.0,nan,0.9848003163122963,nan,0.8315162995508756,nan
linear,15,,5,1.0,nan,0.9926041958817636,nan,0.7808243192448896,nan
linear,16,,5,1.0,nan,0.9999999999659841,nan,0.8341741373626795,nan
linear,17,,5,1.0,nan,0.99999999987134,nan,0.7889834559671173,nan
linear,18,,5,1.0,nan,0.9999999988388473,nan,0.8365385908593185,nan
linear,19,,5,1.0,nan,0.9999999991039491,nan,0.7957287794819645,nan
linear,20,,5,1.0,nan,0.9999999990400357,nan,0.8386098843743538,nan
linear,5,,7,1.0,nan,0.999999955250845,nan,0.8920780242975422,nan
linear,6,,7,1.0,nan,0.9999999987849245,nan,0.9702178692882887,nan
linear,7,,7,1.0,nan,0.999999873399185,nan,0.838814032571298,nan
linear,8,,7,1.0,nan,0.9999999999182092,nan,0.9426914834371011,nan
linear,9,,7,1.0,nan,0.7983493706174536,nan,0.8187124477816067,nan
linear,10,,7,1.0,nan,0.9999999961021586,nan,0.9226030275844934,nan
linear,11,,7,1.0,nan,0.9995425812941733,nan,0.8149703134563038,nan
linear,12,,7,1.0,nan,0.9999999076027658,nan,0.8799217199119697,nan
linear,13,,7,1.0,nan,0.857142850372077,nan,0.8196619289405345,nan
linear,14,,7,1.0,nan,0.9999999662962942,nan,0.8804187465650263,nan
linear,15,,7,1.0,nan,0.9999999552480355,nan,0.8371384513413209,nan
linear,16,,7,1.0,nan,0.9999803903055754,nan,0.8894355858680937,nan
linear,17,,7,1.0,nan,0.9755276776476456,nan,0.8371766882590905,nan
linear,18,,7,1.0,nan,0.9999993566383281,nan,0.8838399621593376,nan
linear,19,,7,1.0,nan,0.9999979396351705,nan,0.8311291253598257,nan
linear,20,,7,1.0,nan,0.9999999983000845,nan,0.8741754001575558,nan
linear,5,,10,1.0,nan,0.9999979148099136,nan,0.9989798674283605,nan
linear,6,,10,1.0,nan,0.999999391476995,nan,0.9650564923789752,nan
linear,7,,10,1.0,nan,0.9999994655833684,nan,0.9338845406671574,nan
linear,8,,10,1.0,nan,0.9999999846610617,nan,0.989614780773367,nan
linear,9,,10,1.0,nan,0.7997913797700443,nan,0.8607379938862068,nan
linear,10,,10,1.0,nan,0.9999993864046935,nan,0.9428380249909706,nan
linear,11,,10,1.0,nan,0.8332193807228535,nan,0.8920175846799129,nan
linear,12,,10,1.0,nan,0.9999997422390857,nan,0.9688705059681927,nan
linear,13,,10,1.0,nan,0.857138729549245,nan,0.8767831046453926,nan
linear,14,,10,1.0,nan,0.9999990149463115,nan,0.9432726813286588,nan
linear,15,,10,1.0,nan,0.9999999948358231,nan,0.8516771172262632,nan
linear,16,,10,1.0,nan,0.9999980431958992,nan,0.925984045162977,nan
linear,17,,10,1.0,nan,0.9999251240081652,nan,0.8758848184097641,nan
linear,18,,10,1.0,nan,0.9999999072859218,nan,0.9288662914158551,nan
linear,19,,10,1.0,nan,0.9999998023845151,nan,0.8647826094629476,nan
linear,20,,10,1.0,nan,0.9999999890234669,nan,0.909201705461987,nan
circular,5,,1,-0.25,nan,0.7712509435331883,nan,0.7712509435331886,nan
circular,6,,1,1.0,nan,0.6534659776008458,nan,0.6170007548265507,nan
circular,7,,1,0.16666666666666666,nan,0.719834213964309,nan,0.7198342139643091,nan
circular,8,,1,1.0,nan,0.6534659776008462,nan,0.6170007548265508,nan
circular,9,,1,0.625,nan,0.6941258491798694,nan,0.6941258491798699,nan
circular,10,,1,1.0,nan,0.6534659776008457,nan,0.6170007548265504,nan
circular,11,,1,0.1,nan,0.6787008303092057,nan,0.6787008303092061,nan
circular,12,,1,1.0,nan,0.6534659776008462,nan,0.6170007548265509,nan
circular,13,,1,0.25,nan,0.6684174843954297,nan,0.6684174843954303,nan
circular,14,,1,1.0,nan,0.6534659776008453,nan,0.6170007548265508,nan
circular,15,,1,0.14285714285714285,nan,0.6610722373141612,nan,0.6610722373141618,nan
circular,16,,1,1.0,nan,0.6534659776008458,nan,0.6170007548265508,nan
circular,17,,1,0.4375,nan,0.6555633020032098,nan,0.6555633020032103,nan
circular,18,,1,1.0,nan,0.6534659776008449,nan,0.6170007548265509,nan
circular,19,,1,0.5,nan,0.6512785745391364,nan,0.6512785745391372,nan
circular,20,,1,1.0,nan,0.6534659776008455,nan,0.6170007548265508,nan
circular,5,,2,0.25,nan,0.810572795776286,nan,0.810572795776287,nan
circular,6,,2,1.0,nan,0.8147711857542377,nan,0.7021778912678851,nan
circular,7,,2,0.16666666666666666,nan,0.8192075398125326,nan,0.8192075398125325,nan
circular,8,,2,1.0,nan,0.8147711857542379,nan,0.7021778912678847,nan
circular,9,,2,0.5,nan,0.7899501276763703,nan,0.7899501276763709,nan
circular,10,,2,1.0,nan,0.8147711857542369,nan,0.7021778912678853,nan
circular,11,,2,0.7,nan,0.7723956803946732,nan,0.7723956803946732,nan
circular,12,,2,1.0,nan,0.8147711857542367,nan,0.7021778912678854,nan
circular,13,,2,0.4166666666666667,nan,0.7606927155402085,nan,0.7606927155402085,nan
circular,14,,2,1.0,nan,0.8147711857542378,nan,0.7021778912678845,nan
circular,15,,2,0.5714285714285714,nan,0.7523334549298765,nan,0.7523334549298774,nan
circular,16,,2,1.0,nan,0.8147711857542359,nan,0.7021778912678847,nan
circular,17,,2,-0.125,nan,0.7460640094721276,nan,0.7460640094721285,nan
circular,18,,2,1.0,nan,0.8147711857542382,nan,0.7021778912678847,nan
circular,19,,2,0.3888888888888889,nan,0.7411877741161006,nan,0.7411877741161005,nan
circular,20,,2,1.0,nan,0.8147711857542363,nan,0.7021778912678857,nan
circular,5,,3,-1.25,nan,0.9658732966804067,nan,0.9658732966804306,nan
circular,6,,3,1.0,nan,0.9866731723417251,nan,0.8103462805597029,nan
circular,7,,3,0.5,nan,0.9039736559925888,nan,0.9039736559925888,nan
circular,8,,3,1.0,nan,0.9866571250176212,nan,0.7803314794704949,nan
circular,9,,3,0.0,nan,0.8778729144043064,nan,0.8778729144043073,nan
circular,10,,3,1.0,nan,0.9866571250176204,nan,0.7803314794704941,nan
circular,11,,3,0.5,nan,0.8583646274175439,nan,0.8583646274175436,nan
circular,12,,3,1.0,nan,0.9866571250176187,nan,0.7803314794704943,nan
circular,13,,3,0.3333333333333333,nan,0.8453591027597014,nan,0.8453591027597026,nan
circular,14,,3,1.0,nan,0.9866571250176185,nan,0.7803314794704935,nan
circular,15,,3,0.07142857142857142,nan,0.8360694422898146,nan,0.8360694422898145,nan
circular,16,,3,1.0,nan,0.986657125017617,nan,0.7803314794704933,nan
circular,17,,3,0.1875,nan,0.8291021969373996,nan,0.8291021969373992,nan
circular,18,,3,1.0,nan,0.9866571250176186,nan,0.7803314794704929,nan
circular,19,,3,0.16666666666666666,nan,0.8236832283299655,nan,0.8236832283299651,nan
circular,20,,3,1.0,nan,0.9866571250176186,nan,0.7803314794704928,nan
circular,5,,5,0.75,nan,0.9977862411007167,nan,0.997786239914525,nan
circular,6,,5,1.0,nan,0.9999999875790646,nan,0.9949818558336458,nan
circular,7,,5,0.8333333333333334,nan,0.990456670846863,nan,0.9904566708468637,nan
circular,8,,5,1.0,nan,0.9999999952487132,nan,0.8899363130544088,nan
circular,9,,5,0.125,nan,0.9547018242524642,nan,0.9547018242524634,nan
circular,10,,5,1.0,nan,0.9999999916311811,nan,0.8677647755068983,nan
circular,11,,5,0.4,nan,0.9481461023781195,nan,0.948146102378115,nan
circular,12,,5,1.0,nan,0.9999999853915029,nan,0.8635180862448447,nan
circular,13,,5,0.3333333333333333,nan,0.93547792676525,nan,0.9354779267652483,nan
circular,14,,5,1.0,nan,0.9999999839497983,nan,0.8635180862448447,nan
circular,15,,5,0.21428571428571427,nan,0.9251979495480506,nan,0.9251979495480503,nan
circular,16,,5,1.0,nan,0.9999999854864297,nan,0.8635180862448474,nan
circular,17,,5,0.3125,nan,0.9174879666351525,nan,0.9174879666351513,nan
circular,18,,5,1.0,nan,0.9999999958737011,nan,0.8635180862448502,nan
circular,19,,5,0.3333333333333333,nan,0.9114913132584448,nan,0.911491313258446,nan
circular,20,,5,1.0,nan,0.9999999958514035,nan,0.8635180862448457,nan
circular,5,,7,0.25,nan,0.999883241601571,nan,0.9999327520485315,nan
circular,6,,7,1.0,nan,0.9960401777510476,nan,0.999977138491316,nan
circular,7,,7,0.16666666666666666,nan,0.9997867164648246,nan,0.9997867079927314,nan
circular,8,,7,1.0,nan,0.999999662598805,nan,0.9975419922103423,nan
circular,9,,7,-0.25,nan,0.9966649077560445,nan,0.9966649072940978,nan
circular,10,,7,1.0,nan,0.9999999516638722,nan,0.9747708059136523,nan
circular,11,,7,0.6,nan,0.9896919791610793,nan,0.9896919799361775,nan
circular,12,,7,1.0,nan,0.998961580810505,nan,0.930614535798523,nan
circular,13,,7,0.5,nan,0.9774969272453861,nan,0.9774969272453862,nan
circular,14,,7,1.0,nan,0.9989615855982606,nan,0.9024802129957513,nan
circular,15,,7,0.0,nan,0.9669434415495103,nan,0.9669434415480599,nan
circular,16,,7,1.0,nan,0.9986062967574015,nan,0.9024807102200171,nan
circular,17,,7,0.5625,nan,0.9588857539558396,nan,0.958885754113682,nan
circular,18,,7,1.0,nan,0.9999990416336604,nan,0.9024807099507951,nan
circular,19,,7,-0.05555555555555555,nan,0.9526185271589939,nan,0.9526185271700656,nan
circular,20,,7,1.0,nan,0.9999999543134848,nan,0.9024807099009404,nan
circular,5,,10,-0.25,nan,0.999999963752649,nan,0.9999999984688228,nan
circular,6,,10,1.0,nan,0.9991946690521424,nan,0.9999993996423777,nan
circular,7,,10,0.16666666666666666,nan,0.9999991197857355,nan,0.9999848470057123,nan
circular,8,,10,1.0,nan,0.9999992024140258,nan,0.999999807849425,nan
circular,9,,10,-0.5,nan,0.999542933639767,nan,0.9995429233141987,nan
circular,10,,10,1.0,nan,0.9999958311302027,nan,0.999566683522836,nan
circular,11,,10,-0.4,nan,0.9985651134116675,nan,0.9985651158793274,nan
circular,12,,10,1.0,nan,0.9999974275668156,nan,0.9957537097234056,nan
circular,13,,10,0.3333333333333333,nan,0.9895477298813363,nan,0.9933917981431847,nan
circular,14,,10,1.0,nan,0.9999999544171684,nan,0.9167900038391584,nan
circular,15,,10,0.14285714285714285,nan,0.9846398375032732,nan,0.9814136124801859,nan
circular,16,,10,1.0,nan,0.9999997744555149,nan,0.9135490746642663,nan
circular,17,,10,0.375,nan,0.9837369176790282,nan,0.97702828399056,nan
circular,18,,10,1.0,nan,0.9998604010810475,nan,0.9192192934591223,nan
circular,19,,10,0.1111111111111111,nan,0.9675201824064362,nan,0.9774292179742317,nan
circular,20,,10,1.0,nan,0.9999973277779042,nan,0.9191864397794429,nan
