family,N,q,p,sample_idx,times,evals,aratio
Gilbert,5,0.25,1,0,1.7958788760006428,44,0.8435492846645739
Gilbert,5,0.25,1,1,0.2573966979980469,34,0.8111970029275081
Gilbert,5,0.25,1,2,0.24781678499130066,36,0.9216531477736112
Gilbert,5,0.25,1,3,0.2445803629962029,36,0.9216531477736112
Gilbert,5,0.25,1,4,0.1772470520081697,18,0.75
Gilbert,5,0.25,1,5,0.25820716099406127,34,0.8111970029275083
Gilbert,5,0.25,1,6,0.489569658995606,86,0.8429650338722449
Gilbert,5,0.25,1,7,0.21407294800155796,24,0.8228259320804204
Gilbert,5,0.25,1,8,0.5431150840013288,86,0.8429650338722449
Gilbert,5,0.25,1,9,0.3190406509966124,48,0.8646893704290834
Gilbert,6,0.25,1,0,0.22253787801309954,24,0.9352592840386353
Gilbert,6,0.25,1,1,0.22910994999983814,22,0.36918061640691663
Gilbert,6,0.25,1,2,0.22428581400890835,24,0.9352592840386353
Gilbert,6,0.25,1,3,0.22033897999790497,18,0.2427692849081912
Gilbert,6,0.25,1,4,0.29946477300836705,38,0.8677206091101292
Gilbert,6,0.25,1,5,0.21859642399067525,24,0.8566792438640052
Gilbert,6,0.25,1,6,0.31711226399056613,44,0.9393611648831686
Gilbert,6,0.25,1,7,0.18545864000043366,18,0.75
Gilbert,6,0.25,1,8,0.21016865500132553,18,0.26090709356849906
Gilbert,6,0.25,1,9,0.21823139300977346,24,0.8566792438640053
Gilbert,7,0.25,1,0,0.2800088259973563,18,0.2517207428187678
Gilbert,7,0.25,1,1,0.3000988549902104,32,0.8337662611222575
Gilbert,7,0.25,1,2,0.3327568280074047,36,0.31762262854709716
Gilbert,7,0.25,1,3,0.23877040299703367,20,0.5142502525952863
Gilbert,7,0.25,1,4,0.28673312001046725,32,0.7972414296187313
Gilbert,7,0.25,1,5,0.28595607698662207,34,0.8610150577778402
Gilbert,7,0.25,1,6,0.2579250790004153,24,0.3150462611099267
Gilbert,7,0.25,1,7,0.24284094799077138,22,0.3091805889290836
Gilbert,7,0.25,1,8,0.2876339419890428,20,0.30370088386150734
Gilbert,7,0.25,1,9,0.2786346710054204,24,0.18025305457007584
Gilbert,8,0.25,1,0,0.23707443800230976,18,0.45519569142147615
Gilbert,8,0.25,1,1,0.34168979901005514,34,0.7168110165407162
Gilbert,8,0.25,1,2,0.2799373660091078,26,0.47638885947378284
Gilbert,8,0.25,1,3,0.222142407001229,14,0.3616962439199542
Gilbert,8,0.25,1,4,0.27080074400873855,22,0.2266138064868144
Gilbert,8,0.25,1,5,0.2940798839990748,20,0.45603969670637207
Gilbert,8,0.25,1,6,0.3113672640029108,28,0.2276430435035297
Gilbert,8,0.25,1,7,0.25211539000156336,20,0.25176310336385943
Gilbert,8,0.25,1,8,0.3741322999994736,40,0.4093879920784283
Gilbert,8,0.25,1,9,0.3718663429899607,40,0.7354951682181264
Gilbert,9,0.25,1,0,0.2746944069949677,22,0.5285393175562485
Gilbert,9,0.25,1,1,0.4045970160077559,34,0.41759385883917605
Gilbert,9,0.25,1,2,0.285860396004864,20,0.28179185088474806
Gilbert,9,0.25,1,3,0.2738134349929169,18,0.39899113847731704
Gilbert,9,0.25,1,4,0.24974305099749472,16,0.38919938632440787
Gilbert,9,0.25,1,5,0.3856174499960616,28,0.27979892282656116
Gilbert,9,0.25,1,6,0.2906295730062993,20,0.3167982357382938
Gilbert,9,0.25,1,7,0.28187231899937615,26,0.8036352071835834
Gilbert,9,0.25,1,8,0.32867842800624203,32,0.8797222931095031
Gilbert,9,0.25,1,9,0.24645529099507257,16,0.4698805209863253
Gilbert,10,0.25,1,0,0.2933050920109963,22,0.3285169131874418
Gilbert,10,0.25,1,1,0.4631365370005369,40,0.7858954585086378
Gilbert,10,0.25,1,2,0.5021977270080242,44,0.4981490787100166
Gilbert,10,0.25,1,3,0.29087353199429344,22,0.4873690392218374
Gilbert,10,0.25,1,4,0.33562040398828685,18,0.2235705739875562
Gilbert,10,0.25,1,5,0.3096544639993226,20,0.28893134300893014
Gilbert,10,0.25,1,6,0.2485538189939689,16,0.47033024994406686
Gilbert,10,0.25,1,7,0.7617143690004013,66,0.17047460161866113
Gilbert,10,0.25,1,8,0.46635185899503995,52,0.9051277487445718
Gilbert,10,0.25,1,9,0.4314478349988349,32,0.6980960598771602
Gilbert,11,0.25,1,0,0.3744368850020692,28,0.7860553485286251
Gilbert,11,0.25,1,1,0.27696125900547486,18,0.3670465856341538
Gilbert,11,0.25,1,2,0.3718697550066281,20,0.2966770773336279
Gilbert,11,0.25,1,3,0.4627697249961784,40,0.3390522204883318
Gilbert,11,0.25,1,4,0.31226145499385893,20,0.2804098162495186
Gilbert,11,0.25,1,5,0.37664001299708616,20,0.23807663648861704
Gilbert,11,0.25,1,6,0.2874687290022848,18,0.3202484036313221
Gilbert,11,0.25,1,7,0.40281302400399,32,0.8001859241360374
Gilbert,11,0.25,1,8,0.31491762500081677,16,0.2827793318792899
Gilbert,11,0.25,1,9,0.3068851639982313,22,0.31866662748714986
Gilbert,12,0.25,1,0,0.32413527999597136,18,0.31030882315604524
Gilbert,12,0.25,1,1,0.6181164040026488,40,0.478562772607769
Gilbert,12,0.25,1,2,0.31222347500442993,18,0.23269662826466353
Gilbert,12,0.25,1,3,0.3219247220113175,18,0.3865397686234108
Gilbert,12,0.25,1,4,0.3785685100010596,18,0.31420507823908544
Gilbert,12,0.25,1,5,0.3892634219955653,22,0.2554022942096301
Gilbert,12,0.25,1,6,0.3603659009968396,18,0.27127826235134206
Gilbert,12,0.25,1,7,0.3534455240005627,20,0.32538904060792995
Gilbert,12,0.25,1,8,0.43038937999517657,22,0.29486130298496416
Gilbert,12,0.25,1,9,0.649833816991304,52,0.6239562020164376
Gilbert,13,0.25,1,0,0.34138594700198155,20,0.41107622042000896
Gilbert,13,0.25,1,1,0.40402886900119483,24,0.21544009912630185
Gilbert,13,0.25,1,2,0.3302863040007651,18,0.46515554786608365
Gilbert,13,0.25,1,3,0.4320048660010798,26,0.23129969072467146
Gilbert,13,0.25,1,4,0.37533321799128316,18,0.3753951202457924
Gilbert,13,0.25,1,5,0.34890334599185735,20,0.18032661996490035
Gilbert,13,0.25,1,6,0.4237985549989389,20,0.26758692723597627
Gilbert,13,0.25,1,7,0.35201935800432693,22,0.29450098234683797
Gilbert,13,0.25,1,8,0.39468766300706193,28,0.3041844673845433
Gilbert,13,0.25,1,9,0.45722773400484584,22,0.26144948052915956
Gilbert,14,0.25,1,0,0.7682344139902852,42,0.39300993926564426
Gilbert,14,0.25,1,1,0.7636896460026037,46,0.47740751335986664
Gilbert,14,0.25,1,2,0.4374138379935175,22,0.24351871089372437
Gilbert,14,0.25,1,3,0.4214789460093016,20,0.2576566073312433
Gilbert,14,0.25,1,4,0.8165138700132957,48,0.4498057317114741
Gilbert,14,0.25,1,5,0.5767779460002203,26,0.19350075221192395
Gilbert,14,0.25,1,6,0.46491512400098145,22,0.23405970244191185
Gilbert,14,0.25,1,7,0.39944510099303443,20,0.23883638175835017
Gilbert,14,0.25,1,8,0.6018234020011732,30,0.17882584769160406
Gilbert,14,0.25,1,9,0.5631715729978168,26,0.25810336360568054
Gilbert,15,0.25,1,0,0.5445827709918376,24,0.26632709319127423
Gilbert,15,0.25,1,1,0.6305797329987399,36,0.7623068090557539
Gilbert,15,0.25,1,2,0.5348716729931766,24,0.2119533755806565
Gilbert,15,0.25,1,3,0.5064486839983147,22,0.25006621400174334
Gilbert,15,0.25,1,4,0.41747154100448824,20,0.27062479433378556
Gilbert,15,0.25,1,5,0.47078806601348333,22,0.16651051425785873
Gilbert,15,0.25,1,6,0.45795663598983083,20,0.16343124631943415
Gilbert,15,0.25,1,7,0.49206116898858454,22,0.23757678893793438
Gilbert,15,0.25,1,8,0.4955003619979834,22,0.24281579721460997
Gilbert,15,0.25,1,9,0.4379324600013206,22,0.2491354259856748
Gilbert,5,0.25,2,0,0.5259481530083576,68,0.9292994466798926
Gilbert,5,0.25,2,1,0.4361746549984673,62,0.9459356698839209
Gilbert,5,0.25,2,2,0.46735930400609504,76,0.9929963775681675
Gilbert,5,0.25,2,3,0.46561468800064176,76,0.9929963775681676
Gilbert,5,0.25,2,4,0.1907787520030979,20,0.75
Gilbert,5,0.25,2,5,0.4347924510075245,62,0.9459356698839207
Gilbert,5,0.25,2,6,0.6974394139979267,108,0.9294579910434942
Gilbert,5,0.25,2,7,0.4242461940011708,60,0.991447952877901
Gilbert,5,0.25,2,8,0.6412610280094668,108,0.9294579910434941
Gilbert,5,0.25,2,9,0.7742555099976016,112,0.8742619963707232
Gilbert,6,0.25,2,0,0.384515105994069,48,0.9864138682799446
Gilbert,6,0.25,2,1,0.49646769399987534,56,0.7839418497941075
Gilbert,6,0.25,2,2,0.4300796940078726,48,0.9864138682799451
Gilbert,6,0.25,2,3,0.48018823900201824,48,0.8778074943039605
Gilbert,6,0.25,2,4,0.46670989200356416,60,0.9459814318212816
Gilbert,6,0.25,2,5,0.44941735100292135,58,0.9904758670121787
Gilbert,6,0.25,2,6,0.5674341910053045,72,0.9806797640063677
Gilbert,6,0.25,2,7,0.19836681899323594,20,0.75
Gilbert,6,0.25,2,8,0.481013170996448,52,0.9244640164361293
Gilbert,6,0.25,2,9,0.44838498800527304,58,0.9904758670121792
Gilbert,7,0.25,2,0,0.9615216210077051,88,0.5716865909373433
Gilbert,7,0.25,2,1,0.5563536230038153,54,0.9200868544049619
Gilbert,7,0.25,2,2,0.6919267039920669,74,0.8259528657374136
Gilbert,7,0.25,2,3,0.5946864959987579,52,0.767420841121022
Gilbert,7,0.25,2,4,0.50022533799347,58,0.9528175255803575
Gilbert,7,0.25,2,5,0.5713495850068284,64,0.9651966439627364
Gilbert,7,0.25,2,6,0.4746830389922252,48,0.8344743210581745
Gilbert,7,0.25,2,7,0.6437868970097043,60,0.7761233849592591
Gilbert,7,0.25,2,8,0.46519350599555764,44,0.7989332580092274
Gilbert,7,0.25,2,9,0.6300337090069661,54,0.853489905287406
Gilbert,8,0.25,2,0,0.5804856369941263,52,0.7666196790734419
Gilbert,8,0.25,2,1,0.743152161987382,64,0.7484608169599003
Gilbert,8,0.25,2,2,0.6099443590064766,54,0.7860292018476194
Gilbert,8,0.25,2,3,0.6017719910014421,48,0.4183761737648497
Gilbert,8,0.25,2,4,0.6940090319985757,56,0.8869598496780918
Gilbert,8,0.25,2,5,0.6426549919997342,54,0.7665749321581845
Gilbert,8,0.25,2,6,0.6912601819931297,58,0.81698179972013
Gilbert,8,0.25,2,7,0.5440293800056679,48,0.8051412196543006
Gilbert,8,0.25,2,8,0.7949181830044836,76,0.7652239675920114
Gilbert,8,0.25,2,9,0.6919266540062381,66,0.7760640002042133
Gilbert,9,0.25,2,0,0.6443213890015613,50,0.7855478099896448
Gilbert,9,0.25,2,1,0.7460337420052383,64,0.8285746358531909
Gilbert,9,0.25,2,2,1.404564479002147,98,0.5683366455844965
Gilbert,9,0.25,2,3,0.9371669760002987,60,0.4589549871202233
Gilbert,9,0.25,2,4,0.9895499080012087,70,0.4477026249402045
Gilbert,9,0.25,2,5,0.7501753059914336,54,0.8314517247750555
Gilbert,9,0.25,2,6,1.0811527170008048,74,0.5700774712581156
Gilbert,9,0.25,2,7,0.6951469749910757,62,0.9178265541120357
Gilbert,9,0.25,2,8,0.6336024810007075,56,0.95623154013186
Gilbert,9,0.25,2,9,1.7510184629936703,128,0.7625333890006543
Gilbert,10,0.25,2,0,0.7367746800009627,52,0.8063825139944543
Gilbert,10,0.25,2,1,0.8311249670077814,70,0.8524525654625951
Gilbert,10,0.25,2,2,1.069777447002707,78,0.6628351853212631
Gilbert,10,0.25,2,3,0.6380549470050028,46,0.8168401060407519
Gilbert,10,0.25,2,4,1.0308255209965864,64,0.4941255522420951
Gilbert,10,0.25,2,5,1.1330102479987545,68,0.2776879827989716
Gilbert,10,0.25,2,6,0.6864339809981175,46,0.7586250860292614
Gilbert,10,0.25,2,7,2.1164300289965468,156,0.6755808296741326
Gilbert,10,0.25,2,8,0.7836990740033798,76,0.9691249408850616
Gilbert,10,0.25,2,9,0.8393316479923669,62,0.7782524575263972
Gilbert,11,0.25,2,0,0.7824885269947117,52,0.8965440458051294
Gilbert,11,0.25,2,1,0.7449208239995642,48,0.782575277665163
Gilbert,11,0.25,2,2,1.4271866899944143,80,0.43000731873936393
Gilbert,11,0.25,2,3,1.2131447740102885,90,0.6780805646749836
Gilbert,11,0.25,2,4,0.9685331090004183,56,0.5855728815960837
Gilbert,11,0.25,2,5,1.1626791410089936,66,0.5817959973129355
Gilbert,11,0.25,2,6,0.7573904809978558,44,0.7217167391938631
Gilbert,11,0.25,2,7,0.833481762005249,58,0.8908824127726609
Gilbert,11,0.25,2,8,0.9075375910033472,56,0.5420605027166434
Gilbert,11,0.25,2,9,0.7087224999995669,48,0.8094521791565154
Gilbert,12,0.25,2,0,1.512949130992638,74,0.4025669369182155
Gilbert,12,0.25,2,1,1.4857560319942422,82,0.6238791558024329
Gilbert,12,0.25,2,2,1.1585690560023068,62,0.48091994487494927
Gilbert,12,0.25,2,3,2.8780394659988815,146,0.5251549791869718
Gilbert,12,0.25,2,4,1.6131312619982054,78,0.3264142033171657
Gilbert,12,0.25,2,5,2.9271731800108682,134,0.448166477446213
Gilbert,12,0.25,2,6,1.2149799860053463,62,0.5427482150641921
Gilbert,12,0.25,2,7,1.3358467539947014,66,0.4257283193410345
Gilbert,12,0.25,2,8,1.244186146010179,60,0.496689398291074
Gilbert,12,0.25,2,9,1.3584844449942466,88,0.681919425463756
Gilbert,13,0.25,2,0,1.0131304649985395,52,0.8027500422506293
Gilbert,13,0.25,2,1,1.466403482001624,86,0.44284141336833893
Gilbert,13,0.25,2,2,1.0252730200008955,50,0.4676495109012499
Gilbert,13,0.25,2,3,2.318748948004213,112,0.37093515513072534
Gilbert,13,0.25,2,4,1.4007451590005076,66,0.3603840604861757
Gilbert,13,0.25,2,5,1.5738664610107662,80,0.5934314021101311
Gilbert,13,0.25,2,6,1.8446348319994286,82,0.40489374465062467
Gilbert,13,0.25,2,7,1.0775366159941768,58,0.8051573289785334
Gilbert,13,0.25,2,8,0.8600532300042687,54,0.7989849319433049
Gilbert,13,0.25,2,9,1.96302179399936,86,0.557508580846048
Gilbert,14,0.25,2,0,1.5329933590110159,72,0.5630214723327948
Gilbert,14,0.25,2,1,1.6673449350055307,84,0.6288600367011529
Gilbert,14,0.25,2,2,2.261216169994441,88,0.34664470567614103
Gilbert,14,0.25,2,3,0.9812670310057001,46,0.8138015761347565
Gilbert,14,0.25,2,4,1.9560064790130127,92,0.5920808913726772
Gilbert,14,0.25,2,5,2.19755290899775,82,-0.20072490956168312
Gilbert,14,0.25,2,6,1.9224336029874394,82,0.5204365695444734
Gilbert,14,0.25,2,7,2.3888137140020262,92,0.4874100817326439
Gilbert,14,0.25,2,8,1.688509648985928,68,0.8326180278818727
Gilbert,14,0.25,2,9,2.733095620991662,100,0.45947776956890996
Gilbert,15,0.25,2,0,3.18781815400871,114,0.4677399004979583
Gilbert,15,0.25,2,1,1.3468698890064843,64,0.856866648951433
Gilbert,15,0.25,2,2,1.999463421991095,76,0.37092417128182525
Gilbert,15,0.25,2,3,2.395755958990776,86,0.3131973805841728
Gilbert,15,0.25,2,4,2.9343993540096562,106,0.43413913055040837
Gilbert,15,0.25,2,5,1.5718557950021932,66,0.5713587014386434
Gilbert,15,0.25,2,6,3.39579498799867,108,0.34822261296441087
Gilbert,15,0.25,2,7,1.7235297680017538,66,0.5019880365256328
Gilbert,15,0.25,2,8,2.0385452559858095,76,0.42603429959920874
Gilbert,15,0.25,2,9,1.9425320729933446,78,0.38389309593765414
Gilbert,5,0.25,3,0,0.8298359260079451,98,0.9679022526226823
Gilbert,5,0.25,3,1,0.8205185920087388,98,0.9612375696426856
Gilbert,5,0.25,3,2,1.0002261789923068,148,0.999999999997756
Gilbert,5,0.25,3,3,1.0624515669915127,148,0.9999999999977558
Gilbert,5,0.25,3,4,0.20713057200191543,22,0.75
Gilbert,5,0.25,3,5,0.8096247850044165,98,0.9612375696426848
Gilbert,5,0.25,3,6,0.9023223179974593,136,0.9676961374146732
Gilbert,5,0.25,3,7,0.8630894309899304,108,0.9999999999424986
Gilbert,5,0.25,3,8,0.9655002080107806,136,0.9676961374146732
Gilbert,5,0.25,3,9,1.2630417670006864,176,0.9218388620558415
Gilbert,6,0.25,3,0,0.776315868992242,86,0.9970202377788032
Gilbert,6,0.25,3,1,1.348929475992918,126,0.9626026312237277
Gilbert,6,0.25,3,2,0.7794971890107263,86,0.9970202377788032
Gilbert,6,0.25,3,3,1.6402391430019634,138,0.9401494077148959
Gilbert,6,0.25,3,4,0.8650880680070259,94,0.9755846039986674
Gilbert,6,0.25,3,5,1.0387219240074046,118,0.999999999998822
Gilbert,6,0.25,3,6,0.9542904789996101,110,0.9895588674830146
Gilbert,6,0.25,3,7,0.2201364780048607,22,0.7500000000000001
Gilbert,6,0.25,3,8,1.2113048060127767,112,0.9912131904111391
Gilbert,6,0.25,3,9,1.0409059610101394,118,0.9999999999988224
Gilbert,7,0.25,3,0,1.6791275080031483,138,0.603067821405787
Gilbert,7,0.25,3,1,0.988945999997668,86,0.9575140173390012
Gilbert,7,0.25,3,2,1.5228538829978788,132,0.9280279116105488
Gilbert,7,0.25,3,3,1.5579901759920176,124,0.9685725591061642
Gilbert,7,0.25,3,4,0.955645663998439,94,0.9634221413093897
Gilbert,7,0.25,3,5,0.9799966290011071,102,0.9749739788481737
Gilbert,7,0.25,3,6,1.5050057109910995,122,0.9999999999995882
Gilbert,7,0.25,3,7,1.331185053990339,112,0.9754258177091677
Gilbert,7,0.25,3,8,1.382579634009744,108,0.9999999999999831
Gilbert,7,0.25,3,9,1.9937726159987506,146,0.9400060494489362
Gilbert,8,0.25,3,0,1.8612425339961192,136,0.9723323013990252
Gilbert,8,0.25,3,1,1.9045382550102659,134,0.8097057623295711
Gilbert,8,0.25,3,2,1.6251954000035767,128,0.787445465513508
Gilbert,8,0.25,3,3,1.7216567569994368,112,0.4341149456989675
Gilbert,8,0.25,3,4,2.1798043370072264,148,0.9999999999951017
Gilbert,8,0.25,3,5,1.6957881400012411,124,0.9723488037748925
Gilbert,8,0.25,3,6,1.3688589619996492,96,0.6041686947033511
Gilbert,8,0.25,3,7,1.4332524010096677,96,0.6055308471388636
Gilbert,8,0.25,3,8,1.9013825489964802,148,0.7886627656624067
Gilbert,8,0.25,3,9,1.3468517000001157,106,0.8414760944712645
Gilbert,9,0.25,3,0,1.7459159159916453,112,0.9747045860114071
Gilbert,9,0.25,3,1,1.563653985998826,110,0.9257540836823779
Gilbert,9,0.25,3,2,4.1617880380072165,226,0.7284057553345786
Gilbert,9,0.25,3,3,2.577003564001643,134,0.5479210381995703
Gilbert,9,0.25,3,4,1.9958100100047886,118,0.3288473478810752
Gilbert,9,0.25,3,5,3.1157109219930135,176,0.8468606434189926
Gilbert,9,0.25,3,6,2.001114526996389,116,0.27234802542451897
Gilbert,9,0.25,3,7,1.3445263180037728,104,0.9712532669128863
Gilbert,9,0.25,3,8,1.1528158400033135,86,0.9796403242694622
Gilbert,9,0.25,3,9,2.32884432800347,158,0.8481265756306163
Gilbert,10,0.25,3,0,2.0944621140079107,122,0.9584872471711633
Gilbert,10,0.25,3,1,1.7192359690088779,118,0.903478891546154
Gilbert,10,0.25,3,2,1.9895752580050612,120,0.789426077995602
Gilbert,10,0.25,3,3,2.1598723430070095,124,0.9999999999993703
Gilbert,10,0.25,3,4,2.8824154479952995,148,0.6759942511812383
Gilbert,10,0.25,3,5,2.9568585340020945,146,0.28039803938560864
Gilbert,10,0.25,3,6,2.697302494998439,150,0.999999999994493
Gilbert,10,0.25,3,7,3.7074039580038516,224,0.643693122372644
Gilbert,10,0.25,3,8,1.2627207059995271,108,0.9924384988958634
Gilbert,10,0.25,3,9,2.1427801829995587,120,0.8566188299869021
Gilbert,11,0.25,3,0,1.4945096149895107,80,0.952175508510556
Gilbert,11,0.25,3,1,1.7920006679923972,92,0.5808168646127878
Gilbert,11,0.25,3,2,3.38263581598585,154,0.4944528629036514
Gilbert,11,0.25,3,3,2.7244518829975277,152,0.39959706934948686
Gilbert,11,0.25,3,4,2.415426113991998,114,0.4940406539142077
Gilbert,11,0.25,3,5,2.5423254060006,116,0.22710607077603556
Gilbert,11,0.25,3,6,2.353004492993932,112,0.9090755014279484
Gilbert,11,0.25,3,7,1.5214214430016,86,0.9494916838851144
Gilbert,11,0.25,3,8,2.7506752149929525,130,0.6191512242346625
Gilbert,11,0.25,3,9,2.0200146660063183,108,0.9999999998969188
Gilbert,12,0.25,3,0,3.183326867001597,128,0.4782526811956763
Gilbert,12,0.25,3,1,2.7146435709873913,120,0.7645751039285482
Gilbert,12,0.25,3,2,5.886494335994939,230,0.6642660108461028
Gilbert,12,0.25,3,3,4.980653867998626,214,0.6672166808152212
Gilbert,12,0.25,3,4,3.2850639910029713,128,0.46098305092593284
Gilbert,12,0.25,3,5,5.268054818006931,202,0.5268501740216285
Gilbert,12,0.25,3,6,3.1939946060010698,134,0.6736602554601081
Gilbert,12,0.25,3,7,2.7305949940055143,110,0.5078669120244094
Gilbert,12,0.25,3,8,3.6379498390015215,140,0.5468889775096416
Gilbert,12,0.25,3,9,3.764723057000083,176,0.9992782073042714
Gilbert,13,0.25,3,0,3.19370355400315,128,0.9001243311759947
Gilbert,13,0.25,3,1,2.988649720005924,148,0.8097017204016468
Gilbert,13,0.25,3,2,3.451353159005521,132,0.8116448532418437
Gilbert,13,0.25,3,3,4.326753815999837,176,0.46828281514616893
Gilbert,13,0.25,3,4,2.762462377999327,112,0.5887111441300946
Gilbert,13,0.25,3,5,3.9228223730024183,160,0.7427240756538913
Gilbert,13,0.25,3,6,3.768493737006793,138,0.45192499395965385
Gilbert,13,0.25,3,7,2.3438823570031673,100,0.5686208581684496
Gilbert,13,0.25,3,8,2.5186819869995816,116,0.9264034519437868
Gilbert,13,0.25,3,9,6.528313087997958,220,0.5825590219347087
Gilbert,14,0.25,3,0,5.241197424998973,176,0.7136763679323681
Gilbert,14,0.25,3,1,3.2592640289949486,130,0.7704020630568705
Gilbert,14,0.25,3,2,4.544954076001886,152,0.36379773405755794
Gilbert,14,0.25,3,3,5.343390816007741,184,0.999191338087182
Gilbert,14,0.25,3,4,3.3714752020023298,134,0.7393169625567143
Gilbert,14,0.25,3,5,5.789130272998591,166,0.27840253168212614
Gilbert,14,0.25,3,6,4.247784680992481,150,0.4858833518175732
Gilbert,14,0.25,3,7,4.362218495007255,152,0.2715980074149405
Gilbert,14,0.25,3,8,5.504456940005184,174,0.8854659131404523
Gilbert,14,0.25,3,9,5.776355794994743,182,0.5934084199185177
Gilbert,15,0.25,3,0,5.091594362005708,164,-0.02834212420033344
Gilbert,15,0.25,3,1,2.342700548004359,96,0.9317695322629618
Gilbert,15,0.25,3,2,5.149186383001506,160,0.505537817560402
Gilbert,15,0.25,3,3,9.548687427988625,270,0.49021623732843195
Gilbert,15,0.25,3,4,4.894983581005363,160,0.2710418293495674
Gilbert,15,0.25,3,5,3.417537909001112,120,0.44997412606001663
Gilbert,15,0.25,3,6,5.8005495040124515,168,0.3200452362142155
Gilbert,15,0.25,3,7,4.2793488270108355,136,0.4765118655394985
Gilbert,15,0.25,3,8,6.307805331001873,194,0.41726527015696885
Gilbert,15,0.25,3,9,4.998517038999125,162,0.429944074816428
Gilbert,5,0.25,4,0,1.2148416120035108,134,0.9867833283208185
Gilbert,5,0.25,4,1,1.5100325430103112,160,0.9933241996662986
Gilbert,5,0.25,4,2,1.4005658509995556,186,0.9999999996435318
Gilbert,5,0.25,4,3,1.395135469007073,186,0.9999999996435308
Gilbert,5,0.25,4,4,0.2225174279883504,24,0.75
Gilbert,5,0.25,4,5,1.5102208040043479,160,0.9933241996662997
Gilbert,5,0.25,4,6,1.3045331510074902,166,0.986700489817852
Gilbert,5,0.25,4,7,1.1785546780010918,140,0.9999999999995555
Gilbert,5,0.25,4,8,1.338602248011739,166,0.986700489817851
Gilbert,5,0.25,4,9,2.2380054440000094,258,0.9345902511188642
Gilbert,6,0.25,4,0,1.342144821988768,132,0.9989924888500552
Gilbert,6,0.25,4,1,2.7043128609948326,222,0.9733484308848377
Gilbert,6,0.25,4,2,1.2967925069970079,132,0.9989924888500564
Gilbert,6,0.25,4,3,3.7838745350018144,270,0.9999999895362467
Gilbert,6,0.25,4,4,1.4212697990005836,134,0.9897629682658384
Gilbert,6,0.25,4,5,1.445238871005131,150,0.9999999999998703
Gilbert,6,0.25,4,6,1.6243553759995848,164,0.9943130824837909
Gilbert,6,0.25,4,7,0.23778685100842267,24,0.7500000000000001
Gilbert,6,0.25,4,8,1.882868716988014,158,0.999999999748499
Gilbert,6,0.25,4,9,1.4519265069975518,150,0.9999999999998688
Gilbert,7,0.25,4,0,2.8875154509878485,202,0.6707772559720511
Gilbert,7,0.25,4,1,1.586190368005191,122,0.9768809088230833
Gilbert,7,0.25,4,2,2.8936559860012494,206,0.9999999999338502
Gilbert,7,0.25,4,3,3.2181883130106144,216,0.9999999999771206
Gilbert,7,0.25,4,4,1.9873545719892718,162,0.9939506649462975
Gilbert,7,0.25,4,5,1.9844908419909189,172,0.9944211701272604
Gilbert,7,0.25,4,6,2.424548547001905,178,0.9999999999432498
Gilbert,7,0.25,4,7,2.636165877003805,190,0.9839481611377074
Gilbert,7,0.25,4,8,2.6983772789972136,182,0.9999999999970104
Gilbert,7,0.25,4,9,4.806653459003428,288,0.9996577348831369
Gilbert,8,0.25,4,0,3.399807282999973,214,0.9782659509926397
Gilbert,8,0.25,4,1,3.012729419002426,192,0.8424315301717584
Gilbert,8,0.25,4,2,3.21977937000338,214,0.9911134462119989
Gilbert,8,0.25,4,3,3.3473067520098994,184,0.5754539891647502
Gilbert,8,0.25,4,4,3.4602736989909317,206,0.9999999999867007
Gilbert,8,0.25,4,5,4.974469837005017,296,0.999999999671183
Gilbert,8,0.25,4,6,4.493689219001681,248,0.754312745699764
Gilbert,8,0.25,4,7,3.378332929001772,198,0.9025408156342831
Gilbert,8,0.25,4,8,3.0578346549882554,210,0.9023649403186587
Gilbert,8,0.25,4,9,2.535555887996452,170,0.8651180567948756
Gilbert,9,0.25,4,0,3.4038355520024197,192,0.9850211668198721
Gilbert,9,0.25,4,1,3.863439926004503,216,0.9999999986845779
Gilbert,9,0.25,4,2,5.787118275999092,292,0.44142458646671856
Gilbert,9,0.25,4,3,5.210799171996769,236,0.6282150772704556
Gilbert,9,0.25,4,4,4.500522456000908,220,0.7396226864793878
Gilbert,9,0.25,4,5,7.741248039004859,354,0.9990143295512333
Gilbert,9,0.25,4,6,5.911117955998634,252,0.6416480626132822
Gilbert,9,0.25,4,7,5.3017768890131265,306,0.9937926474556763
Gilbert,9,0.25,4,8,1.8484444170026109,120,0.990273781270589
Gilbert,9,0.25,4,9,3.9887115830060793,226,0.875422150628556
Gilbert,10,0.25,4,0,5.892687088009552,272,0.9999999999358112
Gilbert,10,0.25,4,1,4.153656941009103,222,0.9240979652269545
Gilbert,10,0.25,4,2,4.221728226009873,194,0.7927107586073907
Gilbert,10,0.25,4,3,3.8097851620113943,190,0.9770296304778787
Gilbert,10,0.25,4,4,5.923091160002514,252,0.7564505932685031
Gilbert,10,0.25,4,5,7.942436858997098,308,0.7455292527523719
Gilbert,10,0.25,4,6,4.173778782991576,208,0.9670095368574062
Gilbert,10,0.25,4,7,6.878016257993295,334,0.9744421847892178
Gilbert,10,0.25,4,8,2.3497173729992937,158,0.9959745640002663
Gilbert,10,0.25,4,9,5.47088148300827,258,0.9999999998043645
Gilbert,11,0.25,4,0,2.399017242991249,112,0.9772787120044146
Gilbert,11,0.25,4,1,4.7242209169926355,202,0.9999999996389487
Gilbert,11,0.25,4,2,8.36210165900411,308,0.6032321413812534
Gilbert,11,0.25,4,3,6.154281953989994,280,0.9463119855703735
Gilbert,11,0.25,4,4,7.55422609600646,282,0.7656181837483425
Gilbert,11,0.25,4,5,10.23728766500426,352,0.771253667152093
Gilbert,11,0.25,4,6,5.916349275998073,236,0.9104232120875387
Gilbert,11,0.25,4,7,2.4894556920044124,122,0.9740448869986386
Gilbert,11,0.25,4,8,5.595561081994674,230,0.7863771742410055
Gilbert,11,0.25,4,9,3.6259185730013996,170,0.9999999996215682
Gilbert,12,0.25,4,0,5.781122615997447,194,0.48259081848684293
Gilbert,12,0.25,4,1,5.079300263008918,182,0.8476874774346626
Gilbert,12,0.25,4,2,10.262351288998616,352,0.7330500465063401
Gilbert,12,0.25,4,3,7.810045664999052,288,0.754408992197446
Gilbert,12,0.25,4,4,8.69377003700356,268,0.5620873578101403
Gilbert,12,0.25,4,5,10.555098675002228,328,0.6190200026377435
Gilbert,12,0.25,4,6,8.091603737004334,258,0.737480407113762
Gilbert,12,0.25,4,7,10.428623945001164,304,0.5835844000852788
Gilbert,12,0.25,4,8,8.033055109000998,246,0.6688253131449156
Gilbert,12,0.25,4,9,7.459516706992872,278,0.9999999997119328
Gilbert,13,0.25,4,0,8.40248787800374,264,0.6428571428476838
Gilbert,13,0.25,4,1,7.316737522007315,274,0.9999999999971011
Gilbert,13,0.25,4,2,7.075532269009273,220,0.9089665983975026
Gilbert,13,0.25,4,3,7.330275037995307,244,0.5621089589192111
Gilbert,13,0.25,4,4,6.589510877995053,208,0.3599443721876517
Gilbert,13,0.25,4,5,12.56064448300458,380,0.7539259987721981
Gilbert,13,0.25,4,6,8.873429870000109,256,0.6186242981842341
Gilbert,13,0.25,4,7,8.548714646996814,274,0.9999999999873466
Gilbert,13,0.25,4,8,4.163315930010867,166,0.9261046623839325
Gilbert,13,0.25,4,9,17.621270439005457,464,0.5308067552281788
Gilbert,14,0.25,4,0,10.586611562990583,278,0.782833865321967
Gilbert,14,0.25,4,1,6.005882551005925,188,0.781272859193425
Gilbert,14,0.25,4,2,13.097274316009134,322,0.6112832283632357
Gilbert,14,0.25,4,3,11.240180615001009,320,0.9999999988288206
Gilbert,14,0.25,4,4,10.420843453990528,280,0.9999999991914782
Gilbert,14,0.25,4,5,18.35300346800068,400,0.5227256804852617
Gilbert,14,0.25,4,6,8.757713609011262,242,0.630084231265657
Gilbert,14,0.25,4,7,11.528669374994934,298,0.5690377868277426
Gilbert,14,0.25,4,8,14.524027374995057,354,0.9830529186914154
Gilbert,14,0.25,4,9,11.418120857997565,286,0.6487128977824665
Gilbert,15,0.25,4,0,13.56870209799672,324,0.5412211789263358
Gilbert,15,0.25,4,1,3.7592615189932985,126,0.9664042785033677
Gilbert,15,0.25,4,2,15.363305949998903,354,0.5119080466534031
Gilbert,15,0.25,4,3,14.976457875003689,366,0.6240277085727005
Gilbert,15,0.25,4,4,12.304178599995794,304,0.4376415274183078
Gilbert,15,0.25,4,5,11.309764805002487,288,0.5730891992698867
Gilbert,15,0.25,4,6,16.30099843800417,344,0.6064373617185801
Gilbert,15,0.25,4,7,9.0922461989976,230,0.6292102177780795
Gilbert,15,0.25,4,8,11.507062663004035,294,0.39856497751504144
Gilbert,15,0.25,4,9,11.524036998001975,292,0.6350236596271782
Gilbert,5,0.25,5,0,1.9135237439913908,178,0.9895627368385694
Gilbert,5,0.25,5,1,4.614501005009515,378,0.9970986435107219
Gilbert,5,0.25,5,2,1.8260050959943328,216,0.9999999997879825
Gilbert,5,0.25,5,3,1.8212722340103937,216,0.9999999997879825
Gilbert,5,0.25,5,4,0.24895958699926268,26,0.75
Gilbert,5,0.25,5,5,4.601032152000698,378,0.9970986435078592
Gilbert,5,0.25,5,6,2.0092401370056905,210,0.9906675589598098
Gilbert,5,0.25,5,7,1.6014900430018315,170,0.9999999999999091
Gilbert,5,0.25,5,8,1.9574133060086751,210,0.9906675589598085
Gilbert,5,0.25,5,9,4.661835204009549,426,0.9681792548913513
Gilbert,6,0.25,5,0,2.637847977995989,220,0.9998167938489363
Gilbert,6,0.25,5,1,5.493980571991415,374,0.9645117877217596
Gilbert,6,0.25,5,2,2.6643555810005637,220,0.9998167938489356
Gilbert,6,0.25,5,3,5.1815334989951225,338,0.8708818227453065
Gilbert,6,0.25,5,4,2.2003609759995015,182,0.9928839723630967
Gilbert,6,0.25,5,5,1.9078472859982867,178,0.9999999999981695
Gilbert,6,0.25,5,6,2.6452592729910975,228,0.9991392329528528
Gilbert,6,0.25,5,7,0.26202767800714355,26,0.7500000000000003
Gilbert,6,0.25,5,8,2.9021853580052266,216,0.9999999977167747
Gilbert,6,0.25,5,9,1.839970822999021,178,0.9999999999981685
Gilbert,7,0.25,5,0,6.581153881998034,350,0.7834552367235432
Gilbert,7,0.25,5,1,2.8273874949954916,176,0.9829905624345863
Gilbert,7,0.25,5,2,6.295424106006976,354,0.9999999995656909
Gilbert,7,0.25,5,3,6.43712032098847,354,0.9999999991470048
Gilbert,7,0.25,5,4,8.574532377999276,496,0.9987432756481261
Gilbert,7,0.25,5,5,4.205974563999916,288,0.9970111721658885
Gilbert,7,0.25,5,6,4.262841608011513,258,0.9999999998683625
Gilbert,7,0.25,5,7,6.451850139012095,362,0.9999999995935255
Gilbert,7,0.25,5,8,4.768613100008224,270,0.999999998160256
Gilbert,7,0.25,5,9,8.291166612005327,420,0.9999900797707797
Gilbert,8,0.25,5,0,6.491641945001902,334,0.9804221263915777
Gilbert,8,0.25,5,1,9.768773671006784,466,0.9994391198640926
Gilbert,8,0.25,5,2,5.338293071996304,304,0.9911479915004261
Gilbert,8,0.25,5,3,5.636192128993571,268,0.675985203648455
Gilbert,8,0.25,5,4,4.856284483001218,260,0.9999999995319133
Gilbert,8,0.25,5,5,7.746961355005624,408,0.9999999999403046
Gilbert,8,0.25,5,6,7.51276870300353,362,0.3771099306272174
Gilbert,8,0.25,5,7,5.42520846700063,276,0.9999988904101607
Gilbert,8,0.25,5,8,5.843062464002287,324,0.8936395315676503
Gilbert,8,0.25,5,9,6.391339137990144,328,0.9993982608508528
Gilbert,9,0.25,5,0,5.8680115309980465,284,0.9866769455291656
Gilbert,9,0.25,5,1,6.581888950007851,314,0.9999999999997442
Gilbert,9,0.25,5,2,8.52979516000778,376,0.34415708809387263
Gilbert,9,0.25,5,3,9.886019547004253,372,0.6365716003771295
Gilbert,9,0.25,5,4,7.221927783000865,306,0.7679255031896153
Gilbert,9,0.25,5,5,11.183072183004697,476,0.9999868626846666
Gilbert,9,0.25,5,6,8.898739093987388,346,0.6914893839954388
Gilbert,9,0.25,5,7,9.671588476994657,488,0.999999998413402
Gilbert,9,0.25,5,8,3.0422753560123965,170,0.9929845789095483
Gilbert,9,0.25,5,9,7.305361325998092,334,0.8809763224833546
Gilbert,10,0.25,5,0,10.527251259001787,420,0.9999999999921223
Gilbert,10,0.25,5,1,6.517495944004622,300,0.9743604610921238
Gilbert,10,0.25,5,2,8.80265539100219,332,0.9999887186197768
Gilbert,10,0.25,5,3,7.286700868004118,304,0.9779711725900009
Gilbert,10,0.25,5,4,9.645373061997816,356,0.7322380685140566
Gilbert,10,0.25,5,5,15.689123493997613,512,0.7626712990036884
Gilbert,10,0.25,5,6,6.998908269990352,298,0.9702530436386866
Gilbert,10,0.25,5,7,11.183960620997823,454,0.9999999938582742
Gilbert,10,0.25,5,8,4.160959974993602,228,0.9986540278213195
Gilbert,10,0.25,5,9,9.577931230000104,380,0.9999999987083662
Gilbert,11,0.25,5,0,3.961504787002923,154,0.9855303426059917
Gilbert,11,0.25,5,1,13.137133727999753,446,0.9999999993133276
Gilbert,11,0.25,5,2,13.061057127997628,422,0.6999999994494012
Gilbert,11,0.25,5,3,9.11011802800931,368,0.9788536450838613
Gilbert,11,0.25,5,4,14.1443118120078,438,0.8164204225218537
Gilbert,11,0.25,5,5,20.775852167003904,616,0.8306399280500308
Gilbert,11,0.25,5,6,9.717599957002676,338,0.9746645627557784
Gilbert,11,0.25,5,7,4.102887197994278,168,0.9819844078838557
Gilbert,11,0.25,5,8,8.576567595999222,312,0.76555829000676
Gilbert,11,0.25,5,9,5.348789551993832,222,0.9999999999516321
Gilbert,12,0.25,5,0,17.266284747995087,452,0.6502343288156309
Gilbert,12,0.25,5,1,8.562683367999853,262,0.9146977538338246
Gilbert,12,0.25,5,2,15.438993551986641,482,0.7776356400106041
Gilbert,12,0.25,5,3,11.27233570998942,372,0.764623889970605
Gilbert,12,0.25,5,4,14.300909145997139,394,0.6309346297431944
Gilbert,12,0.25,5,5,17.89961837499868,482,0.7277697395014519
Gilbert,12,0.25,5,6,13.738668944002711,406,0.8137824205588832
Gilbert,12,0.25,5,7,15.194662806999986,416,0.6541256534109463
Gilbert,12,0.25,5,8,30.493522596996627,724,0.7318312992231991
Gilbert,12,0.25,5,9,11.547679313007393,386,0.9999999999691686
Gilbert,13,0.25,5,0,14.008123853011057,396,0.8543306578326924
Gilbert,13,0.25,5,1,11.534061837999616,388,0.9999999999905317
Gilbert,13,0.25,5,2,11.311089386988897,306,0.9394325128040499
Gilbert,13,0.25,5,3,10.97251564799808,316,0.5284238548039094
Gilbert,13,0.25,5,4,13.822269229000085,356,0.6734507188668902
Gilbert,13,0.25,5,5,21.681719690997852,570,0.7713436175688047
Gilbert,13,0.25,5,6,15.941674752000836,388,0.5812706902099748
Gilbert,13,0.25,5,7,15.290930022994871,426,0.9999999998805047
Gilbert,13,0.25,5,8,7.220821512004477,240,0.603980771396653
Gilbert,13,0.25,5,9,36.7769161430042,814,0.7506243636989417
Gilbert,14,0.25,5,0,22.407914016002906,478,0.7084873763054375
Gilbert,14,0.25,5,1,16.442685956993955,378,0.9999888147981386
Gilbert,14,0.25,5,2,22.788290748998406,482,0.6191187722170587
Gilbert,14,0.25,5,3,16.121462424009223,412,0.9999999530740318
Gilbert,14,0.25,5,4,17.726446315995418,406,0.9999999999977829
Gilbert,14,0.25,5,5,40.62255347700557,734,0.6053799885166263
Gilbert,14,0.25,5,6,21.391131675001816,468,0.7545735492788531
Gilbert,14,0.25,5,7,21.373402989003807,466,0.5470696346576154
Gilbert,14,0.25,5,8,24.354332887989585,516,0.7449086228670116
Gilbert,14,0.25,5,9,19.299661761004245,408,0.7545621606133566
Gilbert,15,0.25,5,0,19.82882032400812,420,0.6014964022062039
Gilbert,15,0.25,5,1,6.343024254994816,174,0.9786427687859287
Gilbert,15,0.25,5,2,21.38108155899681,448,0.5960283101701679
Gilbert,15,0.25,5,3,24.493289536010707,514,-0.11072846250734487
Gilbert,15,0.25,5,4,20.124745393986814,428,0.42681543493366625
Gilbert,15,0.25,5,5,27.758298774992,576,0.7096389789934879
Gilbert,15,0.25,5,6,23.377501665003365,442,0.03984523991105634
Gilbert,15,0.25,5,7,18.016674465005053,374,0.609234724275894
Gilbert,15,0.25,5,8,27.358195764987613,552,0.7234171135474448
Gilbert,15,0.25,5,9,22.675131055002566,476,0.700749093500999
Gilbert,5,0.25,6,0,4.018226165004307,292,0.9978129371920422
Gilbert,5,0.25,6,1,7.720318762992974,556,0.999784477533888
Gilbert,5,0.25,6,2,2.2656127890077187,248,0.999999999790259
Gilbert,5,0.25,6,3,2.3136767679970944,248,0.9999999997902598
Gilbert,5,0.25,6,4,0.2743596759974025,28,0.75
Gilbert,5,0.25,6,5,7.7373154730012175,558,0.9997844788580738
Gilbert,5,0.25,6,6,3.7490590419911314,306,0.997462248390414
Gilbert,5,0.25,6,7,2.087507681993884,198,0.9999999999985616
Gilbert,5,0.25,6,8,3.7529275370034156,306,0.9974622483904145
Gilbert,5,0.25,6,9,10.571037479996448,768,0.9999975448726953
Gilbert,6,0.25,6,0,4.9368985630135285,342,0.9999999918985534
Gilbert,6,0.25,6,1,8.295987267003511,498,0.9999999991379417
Gilbert,6,0.25,6,2,4.877035177996731,342,0.9999999918985581
Gilbert,6,0.25,6,3,9.580146965003223,510,0.9999999990922787
Gilbert,6,0.25,6,4,4.27757393399952,280,0.9976337808852261
Gilbert,6,0.25,6,5,2.3086303419986507,198,0.9999999999512164
Gilbert,6,0.25,6,6,4.75782663001155,334,0.9998552783239008
Gilbert,6,0.25,6,7,0.29724641700158827,28,0.7500000000000003
Gilbert,6,0.25,6,8,4.371096816990757,282,0.9999999492198014
Gilbert,6,0.25,6,9,2.2229848919960205,198,0.9999999999512177
Gilbert,7,0.25,6,0,10.583387382997898,502,0.815746546798553
Gilbert,7,0.25,6,1,4.489047435999964,244,0.9854878687546554
Gilbert,7,0.25,6,2,10.233143014993402,508,0.9637695698518516
Gilbert,7,0.25,6,3,9.084705328001291,458,0.9999999998973339
Gilbert,7,0.25,6,4,11.457227188002435,628,0.9997280140664891
Gilbert,7,0.25,6,5,13.01236178399995,712,0.9999999615478062
Gilbert,7,0.25,6,6,6.574238999004592,354,0.9999999996867571
Gilbert,7,0.25,6,7,10.512688249000348,532,0.9999999976697447
Gilbert,7,0.25,6,8,7.538511189995916,378,0.9999999967091688
Gilbert,7,0.25,6,9,13.07011033600429,590,0.9999994337202758
Gilbert,8,0.25,6,0,15.279570950995549,644,0.9999999263324802
Gilbert,8,0.25,6,1,12.988187046008534,576,0.999999999111014
Gilbert,8,0.25,6,2,11.612579070002539,538,0.9955044671235196
Gilbert,8,0.25,6,3,8.071067988988943,342,0.6568422717514776
Gilbert,8,0.25,6,4,6.959286650002468,328,0.999999999727584
Gilbert,8,0.25,6,5,10.696982266992563,510,0.9999999934582411
Gilbert,8,0.25,6,6,10.537063466996187,456,0.49306291347894093
Gilbert,8,0.25,6,7,9.57243226999708,414,0.9999999992878663
Gilbert,8,0.25,6,8,13.145559109994792,582,0.9490011998211464
Gilbert,8,0.25,6,9,13.46074534500076,578,0.9996054490536851
Gilbert,9,0.25,6,0,11.250177107998752,450,0.9875982853888576
Gilbert,9,0.25,6,1,8.32387205598934,372,0.9328248815270213
Gilbert,9,0.25,6,2,11.483495740001672,456,0.541047854624868
Gilbert,9,0.25,6,3,17.62710340198828,570,0.691523352182993
Gilbert,9,0.25,6,4,12.925489340006607,460,0.8286437329687563
Gilbert,9,0.25,6,5,17.3980728250026,652,0.9999992974337776
Gilbert,9,0.25,6,6,16.998995076006395,538,0.7723143023089584
Gilbert,9,0.25,6,7,15.253915005989256,672,0.9999999973778716
Gilbert,9,0.25,6,8,6.078403156992863,264,0.9968513910579389
Gilbert,9,0.25,6,9,14.948321547009982,538,0.8832012916986473
Gilbert,10,0.25,6,0,21.46107333099644,704,0.9999999996288036
Gilbert,10,0.25,6,1,11.46192694499041,434,0.9937988817214946
Gilbert,10,0.25,6,2,16.59188068100775,510,0.9999991324677744
Gilbert,10,0.25,6,3,14.512372148994473,496,0.9779719216666514
Gilbert,10,0.25,6,4,21.067777800999465,614,0.8309507354768174
Gilbert,10,0.25,6,5,28.302290032006567,782,0.8792482554461616
Gilbert,10,0.25,6,6,12.490896128991153,438,0.9815625070492712
Gilbert,10,0.25,6,7,19.342079552006908,636,0.9999999970012939
Gilbert,10,0.25,6,8,7.674998686998151,334,0.9995569833514012
Gilbert,10,0.25,6,9,15.213765670006978,518,0.9999989167906673
Gilbert,11,0.25,6,0,6.615076848989702,212,0.9876723647290002
Gilbert,11,0.25,6,1,21.5454493159923,632,0.7861225439596148
Gilbert,11,0.25,6,2,27.284130856001866,702,0.737224466559644
Gilbert,11,0.25,6,3,15.145636991001084,504,0.9872803439732105
Gilbert,11,0.25,6,4,23.853036959990277,648,0.9226281491980236
Gilbert,11,0.25,6,5,28.764325348005514,734,0.8744766325473087
Gilbert,11,0.25,6,6,15.827183217013953,468,0.985600052342311
Gilbert,11,0.25,6,7,6.799969366998994,224,0.9848922905950075
Gilbert,11,0.25,6,8,16.421833684988087,482,0.7714391360313106
Gilbert,11,0.25,6,9,7.88581943900499,280,0.9999999999681117
Gilbert,12,0.25,6,0,28.695803983006044,644,0.6938289187841511
Gilbert,12,0.25,6,1,20.75033650599653,478,0.9999999982945319
Gilbert,12,0.25,6,2,29.452762149012415,740,0.8395237734601911
Gilbert,12,0.25,6,3,20.101376025006175,528,0.8198404438604058
Gilbert,12,0.25,6,4,24.287829605003935,562,0.6760965035311658
Gilbert,12,0.25,6,5,30.383175263006706,676,0.739252813479981
Gilbert,12,0.25,6,6,21.02216403700004,540,0.8514684723914122
Gilbert,12,0.25,6,7,24.318704090008396,564,0.6479780299704782
Gilbert,12,0.25,6,8,39.58808479299478,866,0.6755090862492207
Gilbert,12,0.25,6,9,16.9158142600063,484,0.9999978198853509
Gilbert,13,0.25,6,0,26.9768349090009,626,0.6541297191759672
Gilbert,13,0.25,6,1,16.89849488499749,490,0.9999999886817768
Gilbert,13,0.25,6,2,19.284671986999456,448,0.9679183024530611
Gilbert,13,0.25,6,3,32.01010379000218,674,0.7313710146905095
Gilbert,13,0.25,6,4,26.03958912700182,572,0.8075200697769138
Gilbert,13,0.25,6,5,31.41743278699869,742,0.7728514335362668
Gilbert,13,0.25,6,6,22.376199639009428,496,0.7342531898023709
Gilbert,13,0.25,6,7,23.755813144991407,590,0.9999999916931969
Gilbert,13,0.25,6,8,12.5495013549953,350,0.7634407095029807
Gilbert,13,0.25,6,9,48.540604047011584,1002,0.7793753503884815
Gilbert,14,0.25,6,0,39.89827697999135,728,0.800864646584174
Gilbert,14,0.25,6,1,25.0670797710045,510,0.9999983868147868
Gilbert,14,0.25,6,2,38.490830569993705,702,0.548914938737814
Gilbert,14,0.25,6,3,24.58397692500148,554,0.9999999612758634
Gilbert,14,0.25,6,4,25.962353377995896,530,0.9999999995618504
Gilbert,14,0.25,6,5,58.60304690999328,968,0.4490462396001466
Gilbert,14,0.25,6,6,29.981267716997536,600,0.7616916866190235
Gilbert,14,0.25,6,7,41.537110660996404,758,0.5688259165612589
Gilbert,14,0.25,6,8,36.40265315999568,688,0.9999999879854524
Gilbert,14,0.25,6,9,36.492958836999605,636,0.7993462689025559
Gilbert,15,0.25,6,0,54.56161392500508,882,0.6889945416666289
Gilbert,15,0.25,6,1,9.51443768000172,224,0.9838178743607809
Gilbert,15,0.25,6,2,30.323572830006015,566,0.6315947223625866
Gilbert,15,0.25,6,3,39.58848540201143,714,0.46628971387253815
Gilbert,15,0.25,6,4,36.482223283004714,652,0.4979596558895883
Gilbert,15,0.25,6,5,37.10705318399414,716,0.8348158332975563
Gilbert,15,0.25,6,6,34.43853274700814,578,-0.08715904459287153
Gilbert,15,0.25,6,7,37.05212132699671,636,0.7847216951146537
Gilbert,15,0.25,6,8,40.724741997008095,738,0.7832141331305716
Gilbert,15,0.25,6,9,32.68107997800689,620,0.7642716271681541
Gilbert,5,0.25,7,0,7.126525650994154,440,0.9990790986490742
Gilbert,5,0.25,7,1,13.233336262986995,838,0.9999999324205993
Gilbert,5,0.25,7,2,2.7088520700053778,274,0.9999999999946054
Gilbert,5,0.25,7,3,2.72008260700386,274,0.9999999999946054
Gilbert,5,0.25,7,4,0.2992026749998331,30,0.75
Gilbert,5,0.25,7,5,12.787366933000158,826,0.9999999131690789
Gilbert,5,0.25,7,6,7.471573190996423,494,0.9987412979422127
Gilbert,5,0.25,7,7,2.4381204320088727,220,0.9999999999753176
Gilbert,5,0.25,7,8,7.496726810000837,494,0.9987412979424347
Gilbert,5,0.25,7,9,21.379148471009103,1346,0.9999995439966444
Gilbert,6,0.25,7,0,7.708565772001748,484,0.9999999996641483
Gilbert,6,0.25,7,1,12.823130054996,690,0.9999999995480267
Gilbert,6,0.25,7,2,7.750037185003748,484,0.999999999664313
Gilbert,6,0.25,7,3,13.625892513999133,668,0.9999999989513824
Gilbert,6,0.25,7,4,8.433704288006993,464,0.9986528221648927
Gilbert,6,0.25,7,5,2.758867170996382,224,0.9999999999981608
Gilbert,6,0.25,7,6,7.55218153000169,464,0.9999904830149613
Gilbert,6,0.25,7,7,0.3916147020063363,30,0.7500000000000003
Gilbert,6,0.25,7,8,6.485443448007572,370,0.9999995529183202
Gilbert,6,0.25,7,9,2.759472983991145,224,0.9999999999981615
Gilbert,7,0.25,7,0,15.783465767002781,668,0.7624798853377123
Gilbert,7,0.25,7,1,9.222211981003056,410,0.9975423563239981
Gilbert,7,0.25,7,2,15.493859031994361,682,0.9999999981710772
Gilbert,7,0.25,7,3,14.444856999005424,638,0.9999999526508955
Gilbert,7,0.25,7,4,26.31644688799861,1200,0.9999089643031736
Gilbert,7,0.25,7,5,19.302425239002332,968,0.9999999958181902
Gilbert,7,0.25,7,6,12.071521357007441,548,0.999999992283279
Gilbert,7,0.25,7,7,14.93011038498662,684,0.9999999987441441
Gilbert,7,0.25,7,8,12.920388097001705,554,0.9999999557579801
Gilbert,7,0.25,7,9,16.497322435010574,700,0.9999954491898384
Gilbert,8,0.25,7,0,20.530145347991493,812,0.9999996988690855
Gilbert,8,0.25,7,1,17.991076026999508,720,0.9999999994068874
Gilbert,8,0.25,7,2,25.29576390000875,984,0.995636007826296
Gilbert,8,0.25,7,3,13.372370822995435,488,0.8012269587090971
Gilbert,8,0.25,7,4,11.372594362997916,448,0.9999999456259951
Gilbert,8,0.25,7,5,18.181207051995443,742,0.9999999652752323
Gilbert,8,0.25,7,6,16.188773261994356,616,0.9999999979559803
Gilbert,8,0.25,7,7,12.172659492003731,488,0.999999998537285
Gilbert,8,0.25,7,8,23.806238681005198,904,0.9502897267539987
Gilbert,8,0.25,7,9,18.792363405009382,738,0.9999999995307753
Gilbert,9,0.25,7,0,17.854850963994977,626,0.9923819610398101
Gilbert,9,0.25,7,1,13.982148729002802,522,0.9999999997763285
Gilbert,9,0.25,7,2,20.434479150004336,656,0.7445127832896187
Gilbert,9,0.25,7,3,23.94705786900886,708,0.6928751085216676
Gilbert,9,0.25,7,4,18.73813895600324,594,0.8440924963698718
Gilbert,9,0.25,7,5,21.43685797500075,752,0.999988757624438
Gilbert,9,0.25,7,6,24.895372569997562,724,0.7536570173161672
Gilbert,9,0.25,7,7,18.69385221399716,786,0.9999999966288181
Gilbert,9,0.25,7,8,9.865751114004524,380,0.998047184773648
Gilbert,9,0.25,7,9,29.65387715799443,904,0.9284276859928564
Gilbert,10,0.25,7,0,40.63503522799874,1162,0.9999998635690424
Gilbert,10,0.25,7,1,17.976332777005155,606,0.9941515898323678
Gilbert,10,0.25,7,2,20.91031098800886,612,0.9999941365816208
Gilbert,10,0.25,7,3,23.21990542000276,716,0.9999996283986367
Gilbert,10,0.25,7,4,28.168578102005995,774,0.7890959934721737
Gilbert,10,0.25,7,5,37.23847060299886,972,0.8543229029792239
Gilbert,10,0.25,7,6,27.130759444000432,790,0.9999999420436975
Gilbert,10,0.25,7,7,26.063139806996332,786,0.9999999985242095
Gilbert,10,0.25,7,8,12.16786772100022,466,0.9999945253789486
Gilbert,10,0.25,7,9,20.637154434996773,648,0.9999998949260671
Gilbert,11,0.25,7,0,12.864676772995153,340,0.9920396692846648
Gilbert,11,0.25,7,1,34.078131021000445,912,0.999999996461778
Gilbert,11,0.25,7,2,34.00459842600685,838,0.7304162876650031
Gilbert,11,0.25,7,3,26.113172929995926,746,0.9916105177743267
Gilbert,11,0.25,7,4,29.524109584002872,766,0.9145223116988591
Gilbert,11,0.25,7,5,40.20351211899833,982,0.8937571340934245
Gilbert,11,0.25,7,6,21.50702911100234,592,0.9900007173400909
Gilbert,11,0.25,7,7,18.4098420549999,468,0.9949603995102244
Gilbert,11,0.25,7,8,28.411214078005287,732,0.8415690264150913
Gilbert,11,0.25,7,9,12.451835209998535,386,0.9999999625698095
Gilbert,12,0.25,7,0,33.577973673993256,736,0.6044280513528317
Gilbert,12,0.25,7,1,33.31796060799388,684,0.9999999928721643
Gilbert,12,0.25,7,2,50.630226396999205,1120,0.719480626904328
Gilbert,12,0.25,7,3,30.988029772997834,714,0.8268274493272969
Gilbert,12,0.25,7,4,45.016348279008525,894,0.6723113501990057
Gilbert,12,0.25,7,5,39.55387031099235,826,0.7768403164236352
Gilbert,12,0.25,7,6,30.485929526010295,710,0.8389082240175935
Gilbert,12,0.25,7,7,45.77398671901028,910,0.7988588848561656
Gilbert,12,0.25,7,8,59.77141647800454,1186,0.7304588215443177
Gilbert,12,0.25,7,9,26.6258456009964,660,0.9999999767563961
Gilbert,13,0.25,7,0,32.69887197400385,732,0.3554665861045828
Gilbert,13,0.25,7,1,21.325674335996155,582,0.9999999998368372
Gilbert,13,0.25,7,2,27.39491819900286,580,0.9848481285905237
Gilbert,13,0.25,7,3,41.84293360699667,830,0.6681885029067929
Gilbert,13,0.25,7,4,55.52116750201094,1004,0.8250405427214421
Gilbert,13,0.25,7,5,42.402482310993946,930,0.6852895665625348
Gilbert,13,0.25,7,6,47.54415547801182,864,0.7373708591261957
Gilbert,13,0.25,7,7,33.3209389239928,764,0.49410550727224956
Gilbert,13,0.25,7,8,19.045673007000005,476,0.796216503092923
Gilbert,13,0.25,7,9,56.43190858600428,1128,0.8247906784928775
Gilbert,14,0.25,7,0,67.22920486300427,1090,0.8500488777513423
Gilbert,14,0.25,7,1,33.81600670599437,636,0.9999920036759586
Gilbert,14,0.25,7,2,49.64246323700354,852,0.6070570067631813
Gilbert,14,0.25,7,3,34.91317623198847,714,0.9999997015220842
Gilbert,14,0.25,7,4,35.76877420900564,668,0.878561618135055
Gilbert,14,0.25,7,5,83.56232447399816,1274,0.4925507900982134
Gilbert,14,0.25,7,6,48.52370038200752,858,0.6802000816761843
Gilbert,14,0.25,7,7,56.03958312699979,956,0.5654366407717375
Gilbert,14,0.25,7,8,53.63360765299876,914,0.9999999930203494
Gilbert,14,0.25,7,9,49.98882515000878,810,0.8212283544641512
Gilbert,15,0.25,7,0,79.10530541700427,1174,0.8002397628617596
Gilbert,15,0.25,7,1,13.72581649699714,286,0.9858034818228357
Gilbert,15,0.25,7,2,44.51812890000292,746,0.7171433344376342
Gilbert,15,0.25,7,3,59.67011071598972,960,0.48609701497198143
Gilbert,15,0.25,7,4,61.57328218899784,970,0.6645162332959471
Gilbert,15,0.25,7,5,47.425190701993415,868,0.8309327685287143
Gilbert,15,0.25,7,6,60.35602775499865,856,0.1404984517040786
Gilbert,15,0.25,7,7,50.821099573993706,820,0.8266382589962651
Gilbert,15,0.25,7,8,53.052358621993335,900,0.7818659558925644
Gilbert,15,0.25,7,9,45.75445294698875,790,0.771167824628553
Gilbert,5,0.25,8,0,10.320091597997816,588,0.9994961827451615
Gilbert,5,0.25,8,1,18.398267119991942,1094,0.9999999888516413
Gilbert,5,0.25,8,2,3.1368916899955366,300,0.9999999999996978
Gilbert,5,0.25,8,3,3.1133037799882004,300,0.9999999999996976
Gilbert,5,0.25,8,4,0.3275144389917841,32,0.75
Gilbert,5,0.25,8,5,16.338587977006682,1002,0.9999999858779551
Gilbert,5,0.25,8,6,10.517730117004248,626,0.9994556743461399
Gilbert,5,0.25,8,7,2.877381760001299,244,0.9999999999996102
Gilbert,5,0.25,8,8,10.431068509002216,624,0.9994556731856741
Gilbert,5,0.25,8,9,28.66034109899192,1648,0.9999975670198813
Gilbert,6,0.25,8,0,9.770415086997673,562,0.9999999634661794
Gilbert,6,0.25,8,1,17.804592639993643,858,0.9999999979794235
Gilbert,6,0.25,8,2,9.729651765999733,562,0.9999999634653683
Gilbert,6,0.25,8,3,18.993719478006824,824,0.9999999981797627
Gilbert,6,0.25,8,4,13.003377775996341,626,0.999282000428587
Gilbert,6,0.25,8,5,3.370787667008699,246,0.9999999999338085
Gilbert,6,0.25,8,6,9.560350273997756,536,0.9999990417927133
Gilbert,6,0.25,8,7,0.3680014609999489,32,0.7500000000000003
Gilbert,6,0.25,8,8,9.530702628995641,470,0.9999997698630617
Gilbert,6,0.25,8,9,3.345799632006674,246,0.9999999999338086
Gilbert,7,0.25,8,0,26.019472473009955,952,0.7923183460756729
Gilbert,7,0.25,8,1,18.169186770988745,684,0.9985446730376141
Gilbert,7,0.25,8,2,22.812794828991173,900,0.9999996422376543
Gilbert,7,0.25,8,3,18.408828999003163,752,0.9999999984193093
Gilbert,7,0.25,8,4,44.13918982099858,1824,0.9999788130111915
Gilbert,7,0.25,8,5,23.2349377549981,1106,0.9999966636953894
Gilbert,7,0.25,8,6,16.341171562002273,682,0.9999999990223377
Gilbert,7,0.25,8,7,20.702045804006048,862,0.9999998890441336
Gilbert,7,0.25,8,8,19.94526599100209,766,0.999998856918686
Gilbert,7,0.25,8,9,24.106838688996504,902,0.9999995890758713
Gilbert,8,0.25,8,0,25.815477552998345,956,0.9999999419269688
Gilbert,8,0.25,8,1,24.537944113006233,888,0.9999962506460168
Gilbert,8,0.25,8,2,42.357343006005976,1462,0.9956731825103198
Gilbert,8,0.25,8,3,35.39379184698919,1008,0.9221560352902982
Gilbert,8,0.25,8,4,17.512961505999556,606,0.9999994965412733
Gilbert,8,0.25,8,5,23.66364189601154,884,0.9999995339489418
Gilbert,8,0.25,8,6,23.651442874004715,806,0.7616680913375321
Gilbert,8,0.25,8,7,18.967178545004572,668,0.9999999919387335
Gilbert,8,0.25,8,8,48.734307702994556,1584,0.9573157951939314
Gilbert,8,0.25,8,9,25.330547650999506,920,0.9999989964769181
Gilbert,9,0.25,8,0,28.38991951700882,884,0.994310278309003
Gilbert,9,0.25,8,1,19.061853808001615,646,0.9999998386608222
Gilbert,9,0.25,8,2,27.702622900003917,804,0.7685993636632934
Gilbert,9,0.25,8,3,32.273233113010065,874,0.5820734712448491
Gilbert,9,0.25,8,4,45.64348467500531,1158,0.9077536706121677
Gilbert,9,0.25,8,5,34.186368302995106,1026,0.9999999944931484
Gilbert,9,0.25,8,6,40.096863593993476,1026,0.8225991734804405
Gilbert,9,0.25,8,7,23.147019435011316,910,0.9999998847087723
Gilbert,9,0.25,8,8,16.52112610700715,558,0.9989990412998053
Gilbert,9,0.25,8,9,36.37523194801179,1052,0.9368844666440986
Gilbert,10,0.25,8,0,51.04683655301051,1388,0.9968929735816214
Gilbert,10,0.25,8,1,40.93404594199092,1120,0.9999999958708523
Gilbert,10,0.25,8,2,28.145186068999465,754,0.9999996966744545
Gilbert,10,0.25,8,3,29.765061059006257,832,0.9999992762026679
Gilbert,10,0.25,8,4,48.997967453004094,1124,0.7743549975563486
Gilbert,10,0.25,8,5,63.852142072995775,1396,0.8874183231415502
Gilbert,10,0.25,8,6,37.69559666099667,982,0.9999999853596301
Gilbert,10,0.25,8,7,45.9182277360087,1120,0.9999999944775979
Gilbert,10,0.25,8,8,17.67595303298731,584,0.9999995250841918
Gilbert,10,0.25,8,9,27.317142351996154,764,0.9999999431156926
Gilbert,11,0.25,8,0,20.285750195005676,460,0.9942514418865596
Gilbert,11,0.25,8,1,42.450674281994,1044,0.9999999520562967
Gilbert,11,0.25,8,2,51.18671835299756,1082,0.7624152656985895
Gilbert,11,0.25,8,3,40.52307083099731,990,0.9957087730886126
Gilbert,11,0.25,8,4,44.54939946401282,996,0.9409262764496917
Gilbert,11,0.25,8,5,57.56362786599493,1228,0.8595516953231073
Gilbert,11,0.25,8,6,31.24281515000621,742,0.9972006334460899
Gilbert,11,0.25,8,7,36.595864617003826,778,0.9960252752301216
Gilbert,11,0.25,8,8,41.45787343599659,940,0.8711025779015111
Gilbert,11,0.25,8,9,21.43198595699505,544,0.9999999937249161
Gilbert,12,0.25,8,0,57.507096508998075,1048,0.7272511559686216
Gilbert,12,0.25,8,1,51.58723835101409,916,0.9999998272764214
Gilbert,12,0.25,8,2,81.33750181399228,1546,0.7609970764418273
Gilbert,12,0.25,8,3,48.15084536198992,936,0.8355229047678687
Gilbert,12,0.25,8,4,58.80439945400576,1056,0.744026765487118
Gilbert,12,0.25,8,5,63.52371646401298,1106,0.7890892130529515
Gilbert,12,0.25,8,6,51.11529459900339,994,0.8727116543968932
Gilbert,12,0.25,8,7,66.32408070900419,1164,0.7336849800527006
Gilbert,12,0.25,8,8,149.66187643999,2332,0.7358991794987094
Gilbert,12,0.25,8,9,41.295438478002325,866,0.9999998502936314
Gilbert,13,0.25,8,0,46.917962759005604,912,0.9999999815948788
Gilbert,13,0.25,8,1,30.281539262010483,712,0.9999999987448979
Gilbert,13,0.25,8,2,36.190342863003025,686,0.9881716963088893
Gilbert,13,0.25,8,3,74.33317610000086,1232,0.742017652834078
Gilbert,13,0.25,8,4,71.92023096101184,1228,0.8467773771700259
Gilbert,13,0.25,8,5,78.6496135280031,1412,0.8626910714822421
Gilbert,13,0.25,8,6,64.308055993999,1048,0.7557145657498799
Gilbert,13,0.25,8,7,47.86747863898927,964,0.9999999936135172
Gilbert,13,0.25,8,8,29.103725733002648,626,0.9999999997525593
Gilbert,13,0.25,8,9,71.96887905600306,1290,0.8360133835455231
Gilbert,14,0.25,8,0,96.22751860899734,1382,0.8980183977510544
Gilbert,14,0.25,8,1,54.34139180199418,868,0.9999997109521552
Gilbert,14,0.25,8,2,85.55998402800469,1220,0.6360876975845607
Gilbert,14,0.25,8,3,48.22788092200062,866,0.9999999543352996
Gilbert,14,0.25,8,4,53.50845730099536,856,0.897963617879247
Gilbert,14,0.25,8,5,123.3160697229905,1634,0.5797699988377607
Gilbert,14,0.25,8,6,66.48887439900136,1048,0.7249385821254081
Gilbert,14,0.25,8,7,69.04623552199337,1086,0.5927292716976188
Gilbert,14,0.25,8,8,96.605425724003,1354,0.9999999683368264
Gilbert,14,0.25,8,9,73.46523666800931,1032,0.8239887860869682
Gilbert,15,0.25,8,0,112.51633629499702,1488,0.8406009958446793
Gilbert,15,0.25,8,1,21.95651710999664,382,0.9895036494511223
Gilbert,15,0.25,8,2,59.77522257799865,886,0.7458702739049888
Gilbert,15,0.25,8,3,75.08822071099712,1090,0.7073556319011011
Gilbert,15,0.25,8,4,94.76845973198942,1288,0.6471863279710377
Gilbert,15,0.25,8,5,63.34737335899263,1030,0.8499071202370156
Gilbert,15,0.25,8,6,91.14759309099463,1120,0.6520723440270153
Gilbert,15,0.25,8,7,88.02741514699301,1190,0.840972247838946
Gilbert,15,0.25,8,8,67.74662081399583,1036,0.8073289851780501
Gilbert,15,0.25,8,9,74.91944961299305,1088,0.7726881191820266
Gilbert,5,0.25,9,0,14.581215767000685,738,0.9998989190890102
Gilbert,5,0.25,9,1,26.498995393994846,1402,0.9999995868187206
Gilbert,5,0.25,9,2,3.699117595999269,326,0.99999999999978
Gilbert,5,0.25,9,3,3.7334188259992516,326,0.9999999999997802
Gilbert,5,0.25,9,4,0.4146315320103895,34,0.75
Gilbert,5,0.25,9,5,27.541981860005762,1432,0.9999996041499437
Gilbert,5,0.25,9,6,16.522155498998472,840,0.999633483239053
Gilbert,5,0.25,9,7,3.4635553889966104,266,0.9999999999964017
Gilbert,5,0.25,9,8,15.694000322997454,806,0.999633502393258
Gilbert,5,0.25,9,9,33.57169675700425,1848,0.9999998921182227
Gilbert,6,0.25,9,0,11.1093766480044,614,0.9999999957848049
Gilbert,6,0.25,9,1,28.81789853698865,1200,0.9999990448723135
Gilbert,6,0.25,9,2,11.04323203500826,614,0.9999999957847521
Gilbert,6,0.25,9,3,25.256309315998806,1022,0.9999998949459693
Gilbert,6,0.25,9,4,17.61085512599675,792,0.9995402759160984
Gilbert,6,0.25,9,5,3.9300084829883417,270,0.9999999999893447
Gilbert,6,0.25,9,6,13.545936833994347,692,0.9999997691430923
Gilbert,6,0.25,9,7,0.45364918500126805,34,0.7500000000000003
Gilbert,6,0.25,9,8,12.061913329001982,558,0.9999998840872043
Gilbert,6,0.25,9,9,3.836528123007156,270,0.9999999999893443
Gilbert,7,0.25,9,0,37.52581022499362,1244,0.8557733344721578
Gilbert,7,0.25,9,1,24.506010192999383,862,0.999106706575875
Gilbert,7,0.25,9,2,28.196220496989554,1042,0.9999999729276379
Gilbert,7,0.25,9,3,22.119631255991408,856,0.9999984930981514
Gilbert,7,0.25,9,4,58.30616588400153,2116,0.9999849174659151
Gilbert,7,0.25,9,5,38.007938499999,1592,0.9999980149895201
Gilbert,7,0.25,9,6,21.029226398997707,810,0.9999999570907783
Gilbert,7,0.25,9,7,27.08061919499596,1040,0.9999988168098088
Gilbert,7,0.25,9,8,25.80689187000098,920,0.9999998233997516
Gilbert,7,0.25,9,9,32.75431921699783,1110,0.999998560046214
Gilbert,8,0.25,9,0,31.584247013001004,1092,0.9999996294431881
Gilbert,8,0.25,9,1,38.77730461300234,1218,0.9999996873760993
Gilbert,8,0.25,9,2,66.95867516599537,2080,0.9956890850035365
Gilbert,8,0.25,9,3,46.50569831499888,1250,0.9462971743763556
Gilbert,8,0.25,9,4,29.1572366800101,862,0.9999999597683966
Gilbert,8,0.25,9,5,31.87307425099425,1084,0.9999999833002283
Gilbert,8,0.25,9,6,34.266722715998185,1034,0.8716480023301065
Gilbert,8,0.25,9,7,26.883588495009462,850,0.9999999901996368
Gilbert,8,0.25,9,8,54.60570588900009,1714,0.999999999445328
Gilbert,8,0.25,9,9,32.12251491000643,1080,0.9999999391271708
Gilbert,9,0.25,9,0,45.11152465399937,1232,0.9944482461871701
Gilbert,9,0.25,9,1,26.38416664599208,800,0.9999999991828087
Gilbert,9,0.25,9,2,37.02891730000556,966,0.8184169885838796
Gilbert,9,0.25,9,3,72.02504766600032,1560,0.7899254915899198
Gilbert,9,0.25,9,4,64.68009638199874,1498,0.9455100211080903
Gilbert,9,0.25,9,5,41.86199182100245,1170,0.9999999034611238
Gilbert,9,0.25,9,6,61.961132143987925,1394,0.8551296867804496
Gilbert,9,0.25,9,7,31.091084963001776,1100,0.9999997795087913
Gilbert,9,0.25,9,8,23.760652355005732,720,0.9993625438162
Gilbert,9,0.25,9,9,51.29700867099746,1334,0.9485672511947121
Gilbert,10,0.25,9,0,67.44719817000441,1676,0.9999999984323571
Gilbert,10,0.25,9,1,57.710968721003155,1446,0.9999998987128261
Gilbert,10,0.25,9,2,39.33549626899185,936,0.999998882009108
Gilbert,10,0.25,9,3,34.50244258700695,944,0.9999995388226919
Gilbert,10,0.25,9,4,61.35294301500835,1348,0.8685197247899387
Gilbert,10,0.25,9,5,105.63244695600588,2076,0.9547684412843802
Gilbert,10,0.25,9,6,53.84237702100654,1296,0.9999995460756349
Gilbert,10,0.25,9,7,53.77501655400556,1276,0.9999999977470004
Gilbert,10,0.25,9,8,24.899759227002505,760,0.9999996515106085
Gilbert,10,0.25,9,9,33.84281946600822,898,0.9999999290257616
Gilbert,11,0.25,9,0,27.03321511899412,576,0.9956275730916441
Gilbert,11,0.25,9,1,51.653458218002925,1194,0.999999674741731
Gilbert,11,0.25,9,2,81.84231811200152,1508,0.7593349210549227
Gilbert,11,0.25,9,3,52.2963704779977,1188,0.9971965426868117
Gilbert,11,0.25,9,4,72.40372465499968,1404,0.9440256506522905
Gilbert,11,0.25,9,5,88.90421913999307,1664,0.8628931955831453
Gilbert,11,0.25,9,6,53.79878868800006,1092,0.9982303670156055
Gilbert,11,0.25,9,7,43.98728730301082,900,0.997223397273563
Gilbert,11,0.25,9,8,56.75589192000916,1170,0.8773294135741699
Gilbert,11,0.25,9,9,31.948217855009716,724,0.999999972772592
Gilbert,12,0.25,9,0,73.1910437369952,1236,0.6439526268074565
Gilbert,12,0.25,9,1,82.37008400200284,1300,0.999999945332957
Gilbert,12,0.25,9,2,109.6431054249988,1912,0.7076826581203971
Gilbert,12,0.25,9,3,83.43337826500647,1384,0.8398523273387608
Gilbert,12,0.25,9,4,107.88532682700315,1640,0.7869306740146753
Gilbert,12,0.25,9,5,81.95107936899876,1320,0.8055933837999392
Gilbert,12,0.25,9,6,66.04513056599535,1190,0.8992524025609536
Gilbert,12,0.25,9,7,106.98044436700002,1658,0.7590099119252688
Gilbert,12,0.25,9,8,183.14161908699316,2734,0.7361667376598555
Gilbert,12,0.25,9,9,54.97796151100192,1056,0.999999417667594
Gilbert,13,0.25,9,0,125.2217969350022,1894,0.7020491130801838
Gilbert,13,0.25,9,1,39.64685809100047,846,0.9999999992983197
Gilbert,13,0.25,9,2,49.95132744600414,852,0.9922770720310865
Gilbert,13,0.25,9,3,98.21724050900957,1506,0.7763038545077228
Gilbert,13,0.25,9,4,88.63990109600127,1432,0.8642143542015588
Gilbert,13,0.25,9,5,95.64985364899621,1620,0.8734410150898946
Gilbert,13,0.25,9,6,88.82372539200878,1320,0.8187399336728025
Gilbert,13,0.25,9,7,73.8817402220011,1306,0.9999999979100738
Gilbert,13,0.25,9,8,46.448141870991094,872,0.9999999966003724
Gilbert,13,0.25,9,9,91.81479489699996,1500,0.8664990382830812
Gilbert,14,0.25,9,0,125.14860561699606,1660,0.9213694864650789
Gilbert,14,0.25,9,1,70.4014186400018,1034,0.9999976906471366
Gilbert,14,0.25,9,2,114.37414324500423,1488,0.62336063087043
Gilbert,14,0.25,9,3,57.00438999700418,962,0.9999998036015587
Gilbert,14,0.25,9,4,113.9805074199976,1456,0.9904138092620671
Gilbert,14,0.25,9,5,156.991386159003,1926,0.6128767681928524
Gilbert,14,0.25,9,6,108.62264037999557,1472,0.8038413128506631
Gilbert,14,0.25,9,7,90.84168462500384,1298,0.6314407265630176
Gilbert,14,0.25,9,8,129.53102216799743,1660,0.9999999994246365
Gilbert,14,0.25,9,9,115.2060770419921,1404,0.8384643559000853
Gilbert,15,0.25,9,0,184.11365244400804,2122,0.6556521396298808
Gilbert,15,0.25,9,1,30.1032253470039,468,0.9933581872908795
Gilbert,15,0.25,9,2,97.60050107100687,1230,0.8036119478382382
Gilbert,15,0.25,9,3,114.672698142007,1446,0.550981050547202
Gilbert,15,0.25,9,4,124.63447546999669,1568,0.6296520754289833
Gilbert,15,0.25,9,5,76.64831776900974,1164,0.8460720584986903
Gilbert,15,0.25,9,6,177.94001698300417,1818,0.7782924668009074
Gilbert,15,0.25,9,7,116.12972132499272,1456,0.8585408783992866
Gilbert,15,0.25,9,8,79.91631079000945,1152,0.8359045716458853
Gilbert,15,0.25,9,9,122.95033312200394,1546,0.8000436059979285
Gilbert,5,0.25,10,0,19.76412373498897,910,0.9999978795877923
Gilbert,5,0.25,10,1,30.985271470999578,1568,0.9999997068553125
Gilbert,5,0.25,10,2,4.294794094996178,348,0.9999999999996161
Gilbert,5,0.25,10,3,4.268953072998556,348,0.9999999999996156
Gilbert,5,0.25,10,4,0.40844867400301155,36,0.75
Gilbert,5,0.25,10,5,31.760738380005932,1582,0.9999997038978264
Gilbert,5,0.25,10,6,24.700778191006975,1120,0.9998914086309809
Gilbert,5,0.25,10,7,4.086446226996486,290,0.9999999999922243
Gilbert,5,0.25,10,8,21.01801085700572,992,0.9998912878297924
Gilbert,5,0.25,10,9,41.37935159300105,2180,0.9999998387996429
Gilbert,6,0.25,10,0,12.529945640009828,676,0.9999999904470555
Gilbert,6,0.25,10,1,49.26747626099677,1812,0.9999999067514043
Gilbert,6,0.25,10,2,12.5295984819968,676,0.9999999904469729
Gilbert,6,0.25,10,3,31.205493189991103,1186,0.9999976499959157
Gilbert,6,0.25,10,4,24.20228414599842,1002,0.9999135247936404
Gilbert,6,0.25,10,5,4.495063608002965,292,0.9999999999009909
Gilbert,6,0.25,10,6,15.826559348002775,768,0.9999997870366353
Gilbert,6,0.25,10,7,0.49668317299801856,36,0.7500000000000003
Gilbert,6,0.25,10,8,13.627257350002765,608,0.9999995260884126
Gilbert,6,0.25,10,9,4.478293655003654,292,0.9999999999009898
Gilbert,7,0.25,10,0,51.742918408999685,1570,0.8601106781959827
Gilbert,7,0.25,10,1,32.24911216800683,1054,0.9993857925334303
Gilbert,7,0.25,10,2,37.87672105598904,1276,0.9999977991448672
Gilbert,7,0.25,10,3,30.62982209600159,1056,0.9999989610382075
Gilbert,7,0.25,10,4,69.60930439800723,2556,0.9999963817548994
Gilbert,7,0.25,10,5,48.973839339989354,1910,0.9999997568900405
Gilbert,7,0.25,10,6,28.996365597995464,1010,0.9999999513303018
Gilbert,7,0.25,10,7,34.62811200799479,1230,0.9999998626140221
Gilbert,7,0.25,10,8,34.496086297993315,1128,0.999999511998999
Gilbert,7,0.25,10,9,40.08270842800266,1270,0.9999989478490308
Gilbert,8,0.25,10,0,34.07949365398963,1144,0.9999986570301973
Gilbert,8,0.25,10,1,47.208239490995766,1394,0.9999998090065961
Gilbert,8,0.25,10,2,82.12239214699366,2432,0.9956896448983968
Gilbert,8,0.25,10,3,68.06573194799421,1666,0.9480639070567279
Gilbert,8,0.25,10,4,35.82669398500002,996,0.9999997317612586
Gilbert,8,0.25,10,5,37.87712029699469,1218,0.9999993651353194
Gilbert,8,0.25,10,6,52.249930676000076,1402,0.9999999009445869
Gilbert,8,0.25,10,7,40.50511418399401,1132,0.9999999976062837
Gilbert,8,0.25,10,8,62.64904398600629,1894,0.9999999977458751
Gilbert,8,0.25,10,9,42.29987089500355,1304,0.9999999880377232
Gilbert,9,0.25,10,0,70.69508003100054,1732,0.9952767473031713
Gilbert,9,0.25,10,1,42.9121891100076,1118,0.999999991601709
Gilbert,9,0.25,10,2,52.26010588700592,1214,0.9216441443306571
Gilbert,9,0.25,10,3,92.8164215739962,1890,0.8262215533046784
Gilbert,9,0.25,10,4,87.47965216900047,1890,0.8134673557500383
Gilbert,9,0.25,10,5,56.72824994500843,1426,0.99999993658361
Gilbert,9,0.25,10,6,94.22227677199407,1910,0.8868106216807148
Gilbert,9,0.25,10,7,39.27825596398907,1278,0.9999994031956838
Gilbert,9,0.25,10,8,33.776401727009215,928,0.9995895549864219
Gilbert,9,0.25,10,9,70.94676537100167,1674,0.8881128182224427
Gilbert,10,0.25,10,0,90.83761602400045,2078,0.9876374364614127
Gilbert,10,0.25,10,1,67.85116323200054,1626,0.999999998598366
Gilbert,10,0.25,10,2,54.3568318500038,1170,0.9999970464771856
Gilbert,10,0.25,10,3,44.5143632840045,1118,0.9999998392879906
Gilbert,10,0.25,10,4,83.14100048899127,1674,0.8898834587059122
Gilbert,10,0.25,10,5,129.9927807339991,2416,0.9058303794623951
Gilbert,10,0.25,10,6,75.76684648299124,1672,0.9999998291762657
Gilbert,10,0.25,10,7,80.08866764898994,1664,0.9999999792164567
Gilbert,10,0.25,10,8,28.213425935988198,828,0.9999997214306541
Gilbert,10,0.25,10,9,41.99999448499875,1032,0.9999996786122848
Gilbert,11,0.25,10,0,38.40675960900262,742,0.9973280643057248
Gilbert,11,0.25,10,1,75.25561269499303,1582,0.9999999554565956
Gilbert,11,0.25,10,2,135.84348541901272,2236,0.726762434095861
Gilbert,11,0.25,10,3,96.76542478099873,1888,0.998878453888667
Gilbert,11,0.25,10,4,91.63319452600263,1698,0.9238307373233179
Gilbert,11,0.25,10,5,107.9036674220115,1940,0.9020804722429867
Gilbert,11,0.25,10,6,85.55546942600631,1570,0.9983619856125326
Gilbert,11,0.25,10,7,52.59378049100633,1046,0.9983031004800021
Gilbert,11,0.25,10,8,68.46026667099795,1372,0.8518577563267687
Gilbert,11,0.25,10,9,40.63404384801106,874,0.9999999724894346
Gilbert,12,0.25,10,0,88.1544823639997,1440,0.7667112855061365
Gilbert,12,0.25,10,1,107.36280740899383,1612,0.9999999862332195
Gilbert,12,0.25,10,2,175.4742649749969,2766,0.8574380216672219
Gilbert,12,0.25,10,3,114.75039552999078,1774,0.8585915902863768
Gilbert,12,0.25,10,4,164.4434388679947,2318,0.8595500443933114
Gilbert,12,0.25,10,5,107.43629083799897,1612,0.824906309696485
Gilbert,12,0.25,10,6,81.82581255299738,1406,0.9327632591221401
Gilbert,12,0.25,10,7,134.68201901200518,1998,0.8164174866069389
Gilbert,12,0.25,10,8,286.0068964319944,3920,0.8508844334606553
Gilbert,12,0.25,10,9,64.47933539199585,1196,0.9999994218176796
Gilbert,13,0.25,10,0,153.09296932000143,2262,0.9999999356850553
Gilbert,13,0.25,10,1,47.265923592000036,962,0.9999999613358752
Gilbert,13,0.25,10,2,68.77959185399232,1078,0.9936734529730394
Gilbert,13,0.25,10,3,119.96683375100838,1766,0.7818843290345593
Gilbert,13,0.25,10,4,108.87303931299539,1688,0.8995085510645148
Gilbert,13,0.25,10,5,123.82455395400757,1972,0.8749142643090677
Gilbert,13,0.25,10,6,113.0137683859939,1594,0.8263288061230712
Gilbert,13,0.25,10,7,92.65586986999551,1562,0.9999996093813381
Gilbert,13,0.25,10,8,65.2506703609979,1140,0.9999999553183945
Gilbert,13,0.25,10,9,118.80672816101287,1786,0.9026009764151484
Gilbert,14,0.25,10,0,155.73823188499955,1974,0.9373439092281783
Gilbert,14,0.25,10,1,96.30215421499452,1308,0.9999994196418049
Gilbert,14,0.25,10,2,155.97306576400297,1892,0.6705891568054966
Gilbert,14,0.25,10,3,79.29053748799197,1212,0.9999998181312886
Gilbert,14,0.25,10,4,188.9927488240064,2106,0.9679229291930265
Gilbert,14,0.25,10,5,195.03548100100306,2272,0.49072151607845943
Gilbert,14,0.25,10,6,135.79800255500595,1768,0.8797991235970825
Gilbert,14,0.25,10,7,121.21235066199733,1606,0.5890916904906537
Gilbert,14,0.25,10,8,205.1196702640009,2368,0.5411637336130212
Gilbert,14,0.25,10,9,170.41278449700621,1902,0.808224590520361
Gilbert,15,0.25,10,0,265.50065794099646,2848,0.7939188925418659
Gilbert,15,0.25,10,1,38.03149439400295,556,0.9953384913344544
Gilbert,15,0.25,10,2,128.91167187500105,1520,0.8099201144586756
Gilbert,15,0.25,10,3,164.18807361899235,1888,0.6652656377209994
Gilbert,15,0.25,10,4,149.61204706500575,1812,0.633850722731272
Gilbert,15,0.25,10,5,88.88694359800138,1302,0.8542172284228654
Gilbert,15,0.25,10,6,207.30977521800378,2082,0.5278721987521301
Gilbert,15,0.25,10,7,157.53099553899665,1848,0.8866074974504146
Gilbert,15,0.25,10,8,96.96875543799251,1324,0.8482203064193098
Gilbert,15,0.25,10,9,181.77075753599638,2104,0.8200715207665991
