family,N,q,p,times_mean,times_stderr,evals_mean,evals_stderr,aratio_mean,aratio_stderr
Gilbert,5,0.25,1,0.45469252769835294,0.15367960277483145,44.6,7.412002278586926,0.8432694956320808,0.016303202221567975
Gilbert,6,0.25,1,0.2345304771020892,0.012925800354704286,25.4,2.765662468358872,0.7013815824682187,0.09183315102851886
Gilbert,7,0.25,1,0.27913587489747443,0.00874878260317233,26.2,2.0965580258021848,0.4683797160950574,0.08343889201674061
Gilbert,8,0.25,1,0.29552059350244236,0.01697432472432658,26.2,2.8975085082800973,0.43170346217130595,0.05756123164616143
Gilbert,9,0.25,1,0.3021961366001051,0.017120604125540947,23.2,2.048305532764962,0.4765950731926164,0.06595989218668007
Gilbert,10,0.25,1,0.4102855637989705,0.0480898318141678,33.2,5.318312180047768,0.485646106680888,0.07767784728696316
Gilbert,11,0.25,1,0.34870236340066185,0.01856915095131283,23.4,2.404625172916191,0.40291979718566734,0.0659811039351297
Gilbert,12,0.25,1,0.41382664349948756,0.03842339312683749,24.6,3.7124415446202272,0.3493200173061278,0.03775939591145597
Gilbert,13,0.25,1,0.38596758600033354,0.013645564725428615,21.8,1.0519822558706333,0.30064151558442753,0.028688154056917332
Gilbert,14,0.25,1,0.581346386000223,0.04912217655672594,30.2,3.4698703145794947,0.29247245502714236,0.03380535716711598
Gilbert,15,0.25,1,0.498819309497776,0.01933619183796952,23.4,1.4621141466307537,0.28207480588787254,0.054668819142491894
Gilbert,5,0.25,2,0.505787014903035,0.05232604826049267,75.2,8.935323161475472,0.9281789472919681,0.023020635737167238
Gilbert,6,0.25,2,0.4402577145010582,0.030760829535907426,52.0,4.247875285886398,0.9216654026946095,0.028342466680299567
Gilbert,7,0.25,2,0.6089760518007097,0.04567374919281115,59.6,4.12903001792054,0.8266182191057903,0.03597244764688487
Gilbert,8,0.25,2,0.6594152571997256,0.024548260751828282,57.6,2.7776888874666206,0.7536431640652743,0.03928376362089063
Gilbert,9,0.25,2,0.9632732435988146,0.11573228594565031,71.6,7.594149795145675,0.7127237382765481,0.058925158389389706
Gilbert,10,0.25,2,0.9865462542002206,0.13613112278866363,71.8,10.024192957263164,0.7091907219974983,0.06254454143869947
Gilbert,11,0.25,2,0.950608539901441,0.07625504543857302,59.8,4.689941956523082,0.6918687919633342,0.049335778186003744
Gilbert,12,0.25,2,1.6729115458001615,0.20976776704554279,85.2,9.634198346400066,0.4954187055706004,0.033148530832698746
Gilbert,13,0.25,2,1.454341400701378,0.15090528466394182,72.6,6.317875873705936,0.5604536170665761,0.057655108800596745
Gilbert,14,0.25,2,1.9329233469994507,0.15714194683558905,80.6,4.87214303749159,0.5043626221383739,0.09157406342411135
Gilbert,15,0.25,2,2.253656465798849,0.22202540644409227,84.0,5.940445175985458,0.4674363978331348,0.04952756913295334
Gilbert,5,0.25,3,0.8723741345005692,0.08600628623438332,116.8,13.463365932121958,0.9497608528731251,0.023450145917892556
Gilbert,6,0.25,3,0.9875429393039667,0.12041882211162108,101.0,10.281590884250896,0.9603149176386696,0.024159583735995072
Gilbert,7,0.25,3,1.3897102874980192,0.1068933757149302,116.4,6.144916598294886,0.9311010296776739,0.03715203053801655
Gilbert,8,0.25,3,1.703857103502378,0.08498746877471533,122.8,6.176658571680251,0.7815785680686952,0.05851397579356925
Gilbert,9,0.25,3,2.1987183449004077,0.28609754347198346,134.0,13.185851002747857,0.7423861646765487,0.08487399962877482
Gilbert,10,0.25,3,2.361262700802763,0.222809665753412,138.0,10.595596569644705,0.8100534958529039,0.07187650671049806
Gilbert,11,0.25,3,2.299646531895269,0.1891993456602322,114.4,8.004443210561938,0.6625907439511369,0.08594812643727237
Gilbert,12,0.25,3,3.8645499947000643,0.35312474734364896,158.2,13.75483753286659,0.628983805403154,0.05196043183525111
Gilbert,13,0.25,3,3.580511616902368,0.3835719025792522,143.0,11.176363948579658,0.6850697265756238,0.055184102153815855
Gilbert,14,0.25,3,4.744022773200413,0.2955728228015825,160.0,6.102822662051097,0.6101142689664304,0.0803686155229671
Gilbert,15,0.25,3,5.183091091203096,0.6039960416035258,163.0,14.727902468142268,0.42639638650881573,0.07536094693444463
Gilbert,5,0.25,4,1.3313009228033479,0.15499131631518914,158.0,18.427033281447002,0.9631422957694602,0.024452016188143313
Gilbert,6,0.25,4,1.719057084598171,0.29850640923886496,153.6,20.136865032405947,0.9705409448619063,0.024646639357798598
Gilbert,7,0.25,4,2.7123140693991443,0.2812273879368061,191.8,13.57595914352524,0.9619635895740768,0.03245165958003421
Gilbert,8,0.25,4,3.487977905099979,0.22733694958775202,213.2,11.31842156250891,0.8811601474646613,0.04242321629105634
Gilbert,9,0.25,4,4.7557014266029,0.5114990386914046,241.4,20.567612079837236,0.8294434487240349,0.06424136034142157
Gilbert,10,0.25,4,5.081577933303197,0.5210491705411109,239.6,17.5240786728813,0.9133244485720164,0.033326753623623695
Gilbert,11,0.25,4,5.705842015698726,0.8016213071878249,229.4,24.983639090857483,0.8734539962444178,0.04246260889549739
Gilbert,12,0.25,4,8.219448804300919,0.5900688139755419,269.8,16.95602154594841,0.6988734815129064,0.04768242016618325
Gilbert,13,0.25,4,8.848191895402852,1.182650676237998,275.0,27.403568299686,0.730333878690504,0.07005254878627987
Gilbert,14,0.25,4,11.593232718399667,1.0453713357298717,296.8,18.46606497214703,0.7529003465951469,0.058648458022575164
Gilbert,15,0.25,4,11.970601514499867,1.1475828686786218,292.2,22.263971892823715,0.5923528155982881,0.04890371948181559
Gilbert,5,0.25,5,2.525527250803134,0.48558223019277497,240.8,38.03063092940858,0.9683274396243995,0.024445179057688234
Gilbert,6,0.25,5,2.7735369023983365,0.4889873021810581,216.0,29.845528233816793,0.9577050401194,0.026372065712182476
Gilbert,7,0.25,5,5.8696064205025325,0.5806693920904689,332.8,28.366177042386237,0.9762190323077764,0.021482841673011732
Gilbert,8,0.25,5,6.501052542700199,0.46739980306537593,333.0,20.522616250804326,0.8917141054332651,0.06561623734252886
Gilbert,9,0.25,5,7.818867940701603,0.7413719985558913,346.6,29.102195411648545,0.8300768283675938,0.0696740037864258
Gilbert,10,0.25,5,9.039036011399002,0.9952089003934118,358.4,26.815915672102882,0.9416136783838415,0.03265324335169139
Gilbert,11,0.25,5,10.193582195301133,1.6596591698660474,348.4,45.05680365444885,0.9033651597622493,0.03583717386025322
Gilbert,12,0.25,5,15.571535855997354,1.8852936140439345,437.6,37.615363291553564,0.7665635355037508,0.037427493606906975
Gilbert,13,0.25,5,15.856012207599997,2.6188444916221556,420.0,51.71546083028642,0.7702857187052953,0.05506131679820589
Gilbert,14,0.25,5,22.252788225200494,2.221737393683312,474.8,31.898728640635333,0.7734088872325913,0.054060783839469446
Gilbert,15,0.25,5,21.135676279298785,1.9223508468137103,440.4,35.51750742005037,0.5275139603817504,0.10420255095771519
Gilbert,5,0.25,6,4.44900413749856,1.0137112296562292,350.8,67.92558019218123,0.9742303934816607,0.024916980001243514
Gilbert,6,0.25,6,4.592542700501508,0.8708068244705036,301.2,45.15277769233397,0.9747488990358695,0.024973194282015897
Gilbert,7,0.25,6,9.655542090800008,0.8762139097021754,490.6,43.86043522102554,0.9764731388702635,0.01823839755057413
Gilbert,8,0.25,6,11.23234741649794,0.8165768209438168,496.8,34.098158959750954,0.9094016219145956,0.05727933679551547
Gilbert,9,0.25,6,13.228784525698575,1.248286161840029,497.2,39.23060030129542,0.8634004386569691,0.049297555793871815
Gilbert,10,0.25,6,16.81190609769983,1.8762394483898004,546.6,43.09065379458107,0.9663087330600335,0.01905298182652578
Gilbert,11,0.25,6,17.014246202798677,2.6074463296953976,488.6,61.68669944881869,0.9037335979903542,0.032804859878186106
Gilbert,12,0.25,6,25.55160507110413,2.098779845550582,608.2,39.05261408237183,0.7943495859906889,0.04125905874880481
Gilbert,13,0.25,6,25.984924567100826,3.1649460248169916,599.0,57.475985323340815,0.8210859769701525,0.03896104004259092
Gilbert,14,0.25,6,35.70195549089694,3.2477492594478283,667.4,42.934627309692836,0.7928688032642927,0.06671774736594
Gilbert,15,0.25,6,35.24738623530429,3.5336398662356396,632.6,53.93498143340945,0.6348520752270186,0.09394910770216182
Gilbert,5,0.25,7,7.7660935103005615,2.044415743870989,523.6,121.82822150698725,0.9746561084084572,0.024962391336484008
Gilbert,6,0.25,7,7.028890964901075,1.3380449409671231,410.2,64.71644132504333,0.9748642855922368,0.02498527868588171
Gilbert,7,0.25,7,15.698260818001291,1.4582848249621247,705.2,71.14317332753095,0.9759926548580289,0.02372488777216858
Gilbert,8,0.25,7,17.77031923530012,1.4759228142236238,694.0,57.59166606376307,0.9747152298490633,0.01989072414249558
Gilbert,9,0.25,7,19.950238669900862,1.7694549311313934,665.2,46.305459241384874,0.8953982991333225,0.039491309549676994
Gilbert,10,0.25,7,25.414755452501414,2.710368552452449,753.2,62.75114872786528,0.9637558475705987,0.024175316768841455
Gilbert,11,0.25,7,25.756812130700563,2.948843521275835,676.2,69.84328489156594,0.9348876022813274,0.028719452029341223
Gilbert,12,0.25,7,39.57415873660066,3.3288171776208273,844.0,58.3377141212174,0.7968113694253735,0.040625891108603214
Gilbert,13,0.25,7,37.75287239240133,4.178143814636276,789.0,64.69638492390608,0.7371316874706959,0.06338042679695147
Gilbert,14,0.25,7,51.31176660330093,4.887758601122004,877.2,61.85948234147741,0.7895075067878257,0.06047471661648641
Gilbert,15,0.25,7,51.60017733189598,5.309033236082471,837.0,71.96125500727611,0.7004903087140333,0.07431361696154332
Gilbert,5,0.25,8,10.412117808897165,2.782070249122013,645.8,153.25083287792523,0.9748405072025459,0.024982403950156766
Gilbert,6,0.25,8,9.547739841000293,1.9157624119944838,496.2,82.11182077576352,0.9749280735042714,0.024992109986572864
Gilbert,7,0.25,8,23.387973269399662,2.4925673027073243,943.0,106.24468614162937,0.979083647053786,0.020752201920449763
Gilbert,8,0.25,8,28.59646366940142,3.2323418042037155,978.2,99.28878195557755,0.9636807315810934,0.02392384947857788
Gilbert,9,0.25,8,30.339772340004856,2.9154843172923965,893.8,58.95041230654041,0.9011219183116401,0.04402492620829123
Gilbert,10,0.25,8,39.134815893099585,4.3590925888965435,1006.4,86.21306938819272,0.9658664711064608,0.02402521285807069
Gilbert,11,0.25,8,38.728778015100396,3.753908616395586,880.4,77.22279456222755,0.9417181884805498,0.026327822713797227
Gilbert,12,0.25,8,66.9307488180013,9.839951737474516,1196.4,139.8144166783637,0.8199182607236744,0.03352505349087867
Gilbert,13,0.25,8,55.15410048950289,6.096747892493468,1011.0,87.6357359883639,0.9031385720796491,0.03362726007114256
Gilbert,14,0.25,8,76.67870746979898,7.491350690108447,1134.6,82.1424507926457,0.8153495985586898,0.05389161528616333
Gilbert,15,0.25,8,74.9293208449948,7.790656979107479,1059.8,91.21327876039881,0.7853485695535982,0.03285154223112439
Gilbert,5,0.25,9,14.572076894300698,3.7059220456400346,801.8,188.1737849258853,0.9749164987804171,0.024990766859069553
Gilbert,6,0.25,9,12.766570761598995,2.893219003049293,606.6,111.71831641330002,0.9749538860512924,0.024994917951879466
Gilbert,7,0.25,9,31.5332833235967,3.5090329430252933,1159.2,129.08884107036084,0.985485859687581,0.014412774645947028
Gilbert,8,0.25,9,39.27347680480161,4.082537845879017,1226.4,121.94126090504031,0.9813633450370046,0.013293090808580885
Gilbert,9,0.25,9,45.52016226019914,5.277626548658066,1177.4,89.81266923744975,0.9351359911413144,0.0261753518683702
Gilbert,10,0.25,9,53.23414679860434,7.270276078578851,1265.6,127.73089768032722,0.9823285608410307,0.013420613935067657
Gilbert,11,0.25,9,56.06234914880188,6.341617800052377,1142.0,107.33291925385964,0.9431860708446476,0.026385759996421173
Gilbert,12,0.25,9,94.96191731559956,11.38823378739507,1543.0,155.18311763848538,0.8178440085227858,0.037577349327723684
Gilbert,13,0.25,9,79.82953801080149,8.56871608827836,1314.8,112.71131265316716,0.8893524374675096,0.033595328029630805
Gilbert,14,0.25,9,108.21018752929959,9.186160160727402,1436.0,91.36009340333813,0.8421764583777526,0.052633058231660375
Gilbert,15,0.25,9,112.47092524630425,14.546292578438084,1397.0,140.05689320177473,0.7752108982077883,0.04088338736928459
Gilbert,5,0.25,10,18.266691629600246,4.52204840298514,937.4,219.10749264535278,0.9749779825592804,0.024997557668940455
Gilbert,6,0.25,10,16.86586548530031,4.634320397468291,734.8,161.2416268282549,0.9749910375362016,0.024999005635470514
Gilbert,7,0.25,10,40.928498979897995,3.970918723283519,1406.0,154.57065985784263,0.9859487643349782,0.013982142336606234
Gilbert,8,0.25,10,50.28836312629719,5.034322007288941,1458.2,136.98741223598287,0.9943750999222966,0.005163484939454532
Gilbert,9,0.25,10,64.11153985500133,7.108721730277757,1506.0,113.80802549322549,0.9331122126959126,0.02397830257915272
Gilbert,10,0.25,10,69.67626901659678,9.290961892732431,1527.8,156.11518539562738,0.9783347367428924,0.01352058790839465
Gilbert,11,0.25,10,79.3051704888043,9.733109150568376,1494.8,153.67127975722147,0.939740293222189,0.029001248886958403
Gilbert,12,0.25,10,132.46157433729678,20.32311488575964,2004.2,259.03932777347404,0.8767261838790166,0.024409083930666386
Gilbert,13,0.25,10,101.15299485620054,10.214741045550694,1581.0,130.61912400393578,0.9278909841640065,0.02603642649789125
Gilbert,14,0.25,10,150.3875027155009,13.326791846811533,1840.8,120.09300099876297,0.7884855887299371,0.06289760256674162
Gilbert,15,0.25,10,147.87111722229892,20.37858957162409,1728.4,192.34478302141588,0.7835282610598586,0.04327691637655195
