family,N,q,p,times_mean,times_stderr,evals_mean,evals_stderr,aratio_mean,aratio_stderr
Gilbert,5,0.25,1,0.3558155896374956,0.05731683721916612,44.6,7.412002278586926,0.8432694956320808,0.016303202221567975
Gilbert,6,0.25,1,0.2400447602150962,0.013320283325638928,25.4,2.765662468358872,0.7013815824682187,0.09183315102851886
Gilbert,7,0.25,1,0.28816107811871916,0.009394037170015457,26.2,2.0965580258021848,0.4683797160950574,0.08343889201674061
Gilbert,8,0.25,1,0.30237463749945165,0.017665790189408215,26.2,2.8975085082800973,0.43170346217130595,0.05756123164616143
Gilbert,9,0.25,1,0.31132218637503684,0.019092723897013705,23.2,2.048305532764962,0.4765950731926164,0.06595989218668007
Gilbert,10,0.25,1,0.424194774357602,0.0497684635315908,33.2,5.318312180047768,0.485646106680888,0.07767784728696316
Gilbert,11,0.25,1,0.35889101300854237,0.01946774361956526,23.4,2.404625172916191,0.40291979718566734,0.0659811039351297
Gilbert,12,0.25,1,0.42848232521209867,0.04044293598169492,24.6,3.7124415446202272,0.3493200173061278,0.03775939591145597
Gilbert,13,0.25,1,0.3974031175719574,0.015051259189112385,21.8,1.0519822558706333,0.30064151558442753,0.028688154056917332
Gilbert,14,0.25,1,0.6024191337404773,0.05180625600744582,30.2,3.4698703145794947,0.29247245502714236,0.03380535716711598
Gilbert,15,0.25,1,0.5146280217682943,0.02083289314827168,23.4,1.4621141466307537,0.28207480588787254,0.054668819142491894
Gilbert,5,0.25,2,0.519504664838314,0.054179789702902395,75.2,8.935323161475472,0.9281789472919681,0.023020635737167238
Gilbert,6,0.25,2,0.4502710315631703,0.031872167837457215,52.0,4.247875285886398,0.9216654026946095,0.028342466680299567
Gilbert,7,0.25,2,0.6298965006601065,0.047587756157805354,59.6,4.12903001792054,0.8266182191057903,0.03597244764688487
Gilbert,8,0.25,2,0.6794279512250796,0.025242590131667252,57.6,2.7776888874666206,0.7536431640652743,0.03928376362089063
Gilbert,9,0.25,2,0.9974828963866458,0.1195212374217756,71.6,7.594149795145675,0.7127237382765481,0.058925158389389706
Gilbert,10,0.25,2,1.0227081154705957,0.14138987436550862,71.8,10.024192957263164,0.7091907219974983,0.06254454143869947
Gilbert,11,0.25,2,0.9858339642873034,0.0789198204519183,59.8,4.689941956523082,0.6918687919633342,0.049335778186003744
Gilbert,12,0.25,2,1.735496116289869,0.21828945944969552,85.2,9.634198346400066,0.4954187055706004,0.033148530832698746
Gilbert,13,0.25,2,1.504047261737287,0.1570075051447651,72.6,6.317875873705936,0.5604536170665761,0.057655108800596745
Gilbert,14,0.25,2,1.956169962999411,0.15215252375743055,80.6,4.87214303749159,0.5043626221383739,0.09157406342411135
Gilbert,15,0.25,2,2.228816498303786,0.21633796819435538,84.0,5.940445175985458,0.4674363978331348,0.04952756913295334
Gilbert,5,0.25,3,0.8849027216201648,0.08827068711602523,116.8,13.463365932121958,0.9497608528731251,0.023450145917892556
Gilbert,6,0.25,3,1.0139701556414367,0.12379198089574345,101.0,10.281590884250896,0.9603149176386696,0.024159583735995072
Gilbert,7,0.25,3,1.4338286841288208,0.11111894829130804,116.4,6.144916598294886,0.9311010296776739,0.03715203053801655
Gilbert,8,0.25,3,1.7406403314787895,0.09582294732946481,122.8,6.176658571680251,0.7815785680686952,0.05851397579356925
Gilbert,9,0.25,3,2.2134961226955054,0.2828395085276426,134.0,13.185851002747857,0.7423861646765487,0.08487399962877482
Gilbert,10,0.25,3,2.433864212757908,0.23346241808137766,138.0,10.595596569644705,0.8100534958529039,0.07187650671049806
Gilbert,11,0.25,3,2.295737908384763,0.18781247830404646,114.4,8.004443210561938,0.6625907439511369,0.08594812643727237
Gilbert,12,0.25,3,3.88535258914344,0.3533533536729363,158.2,13.75483753286659,0.628983805403154,0.05196043183525111
Gilbert,13,0.25,3,3.6502355739008636,0.4042405325459614,143.0,11.176363948579658,0.6850697265756238,0.055184102153815855
Gilbert,14,0.25,3,4.91729101894889,0.30854793946820197,160.0,6.102822662051097,0.6101142689664304,0.0803686155229671
Gilbert,15,0.25,3,5.395529539277777,0.6312253995959812,163.0,14.727902468142268,0.42639638650881573,0.07536094693444463
Gilbert,5,0.25,5,2.551290859701112,0.48823927973697145,240.8,38.03063092940858,0.9683274396243995,0.024445179057688234
Gilbert,6,0.25,5,2.8419582857284693,0.4976221868592937,216.0,29.845528233816793,0.9577050401194,0.026372065712182476
Gilbert,7,0.25,5,5.8905017948942255,0.5844817564781403,332.8,28.366177042386237,0.9762190323077764,0.021482841673011732
Gilbert,8,0.25,5,6.638062851736322,0.4706142976672959,333.0,20.522616250804326,0.8917141054332651,0.06561623734252886
Gilbert,9,0.25,5,8.006119722686709,0.7540848551783156,346.6,29.102195411648545,0.8300768283675938,0.0696740037864258
Gilbert,10,0.25,5,9.34844627212733,1.0430278721785256,358.4,26.815915672102882,0.9416136783838415,0.03265324335169139
Gilbert,11,0.25,5,10.516081758658402,1.7111376191595873,348.4,45.05680365444885,0.9033651597622493,0.03583717386025322
Gilbert,12,0.25,5,16.156513693230227,1.9614123606405338,437.6,37.615363291553564,0.7665635355037508,0.037427493606906975
Gilbert,13,0.25,5,15.902409965917467,2.606150366226567,420.0,51.71546083028642,0.7702857187052953,0.05506131679820589
Gilbert,14,0.25,5,22.275462353928013,2.22942097668812,474.8,31.898728640635333,0.7734088872325913,0.054060783839469446
Gilbert,15,0.25,5,21.38191461856477,1.960401814675927,440.4,35.51750742005037,0.5275139603817504,0.10420255095771519
Gilbert,5,0.25,7,7.919635947188363,2.095253648455328,523.6,121.82822150698725,0.9746561084084572,0.024962391336484008
Gilbert,6,0.25,7,7.209485725290142,1.3726879208387401,410.2,64.71644132504333,0.9748642855922368,0.02498527868588171
Gilbert,7,0.25,7,16.088248077291063,1.4809343005258155,705.2,71.14317332753095,0.9759926548580289,0.02372488777216858
Gilbert,8,0.25,7,18.165027345204727,1.510369149473965,694.0,57.59166606376307,0.9747152298490633,0.01989072414249558
Gilbert,9,0.25,7,20.479295981000178,1.8321952431777586,665.2,46.305459241384874,0.8953982991333225,0.039491309549676994
Gilbert,10,0.25,7,26.17670165845193,2.8072985991783974,753.2,62.75114872786528,0.9637558475705987,0.024175316768841455
Gilbert,11,0.25,7,26.417086347774603,3.038870903317328,676.2,69.84328489156594,0.9348876022813274,0.028719452029341223
Gilbert,12,0.25,7,40.83418584801257,3.4272696849175586,844.0,58.3377141212174,0.7968113694253735,0.040625891108603214
Gilbert,13,0.25,7,38.482942250976336,4.2030314067471055,789.0,64.69638492390608,0.7371316874706959,0.06338042679695147
Gilbert,14,0.25,7,52.92027036389336,5.130981790970191,877.2,61.85948234147741,0.7895075067878257,0.06047471661648641
Gilbert,15,0.25,7,53.235466230567546,5.41732101061413,837.0,71.96125500727611,0.7004903087140333,0.07431361696154332
Gilbert,5,0.25,10,18.390819090092556,4.589641807371752,937.4,219.10749264535278,0.9749779825592804,0.024997557668940455
Gilbert,6,0.25,10,17.365653353882955,4.767617041270136,734.8,161.2416268282549,0.9749910375362016,0.024999005635470514
Gilbert,7,0.25,10,42.14791623798665,4.0761511477271055,1406.0,154.57065985784263,0.9859487643349782,0.013982142336606234
Gilbert,8,0.25,10,51.89552988833748,5.20156390946743,1458.2,136.98741223598287,0.9943750999222966,0.005163484939454532
Gilbert,9,0.25,10,66.67359727099537,7.39012195382021,1506.0,113.80802549322549,0.9331122126959126,0.02397830257915272
Gilbert,10,0.25,10,69.36123934963253,9.271494141131525,1527.8,156.11518539562738,0.9783347367428924,0.01352058790839465
Gilbert,11,0.25,10,78.50251718845684,9.595540638575033,1494.8,153.67127975722147,0.939740293222189,0.029001248886958403
Gilbert,12,0.25,10,131.7930572112091,20.195586170818313,2004.2,259.03932777347404,0.8767261838790166,0.024409083930666386
Gilbert,13,0.25,10,107.25428757166955,10.859934874078158,1581.0,130.61912400393578,0.9278909841640065,0.02603642649789125
Gilbert,14,0.25,10,158.47818868758623,13.790075754398538,1840.8,120.09300099876297,0.7884855887299371,0.06289760256674162
Gilbert,15,0.25,10,150.966809455771,21.015744899659644,1728.4,192.34478302141588,0.7835282610598586,0.04327691637655195
complete,5,,1,0.26281511900015175,nan,20.0,nan,0.5801787318458183,nan
complete,6,,1,0.34932319610379636,nan,24.0,nan,0.5064361795699952,nan
complete,7,,1,0.37601518584415317,nan,26.0,nan,0.4567043183174029,nan
complete,8,,1,0.448929751990363,nan,24.0,nan,0.4217547252063838,nan
complete,9,,1,0.6206765121314675,nan,32.0,nan,0.39665346912559585,nan
complete,10,,1,0.5735372859053314,nan,24.0,nan,0.48547756404623854,nan
complete,11,,1,0.6849758110474795,nan,24.0,nan,0.48553568955648885,nan
complete,12,,1,1.0273644810076803,nan,32.0,nan,0.4855761741348985,nan
complete,13,,1,1.109963363967836,nan,32.0,nan,0.48561196670053874,nan
complete,14,,1,1.2486129691824317,nan,30.0,nan,0.485647882165253,nan
complete,15,,1,1.6695445398800075,nan,36.0,nan,0.4856853988944536,nan
complete,16,,1,1.8241037467960268,nan,34.0,nan,0.4857246515008242,nan
complete,17,,1,2.177098365034908,nan,34.0,nan,0.48576527873420616,nan
complete,18,,1,2.8193641640245914,nan,36.0,nan,0.4858067842236409,nan
complete,19,,1,3.681345728924498,nan,42.0,nan,0.4858486844219527,nan
complete,20,,1,4.190261206123978,nan,40.0,nan,0.4858905623680698,nan
complete,5,,2,0.8251978801563382,nan,74.0,nan,0.6815264293803784,nan
complete,6,,2,1.083495584083721,nan,78.0,nan,0.07172309422880119,nan
complete,7,,2,1.1535489230882376,nan,72.0,nan,-1.658340025571973,nan
complete,8,,2,3.645353278145194,nan,170.0,nan,-0.6980026252486908,nan
complete,9,,2,1.9209768979344517,nan,78.0,nan,-1.8530530900667053,nan
complete,10,,2,2.0387117301579565,nan,68.0,nan,-0.16416032419403592,nan
complete,11,,2,2.612944379914552,nan,76.0,nan,-0.10005244892638743,nan
complete,12,,2,3.1679155309684575,nan,82.0,nan,-0.04579150018101075,nan
complete,13,,2,3.9942369039636105,nan,90.0,nan,-0.0008985523252427186,nan
complete,14,,2,4.3126304019242525,nan,84.0,nan,0.03553825510210373,nan
complete,15,,2,5.64948990684934,nan,96.0,nan,0.06476066033399519,nan
complete,16,,2,6.197791955899447,nan,88.0,nan,0.08798598253474665,nan
complete,17,,2,8.137732186121866,nan,92.0,nan,0.10630779322839601,nan
complete,18,,2,9.262492961948738,nan,90.0,nan,0.12066195403789948,nan
complete,19,,2,12.396631642943248,nan,104.0,nan,0.1318286639366022,nan
complete,20,,2,14.140131928026676,nan,100.0,nan,0.14044861734058856,nan
complete,5,,3,1.9108293899334967,nan,154.0,nan,0.8403663603109415,nan
complete,6,,3,2.05708741187118,nan,130.0,nan,0.8423136010058858,nan
complete,7,,3,2.307726816041395,nan,120.0,nan,-0.4754518553541578,nan
complete,8,,3,5.969846215099096,nan,248.0,nan,0.3367661732176188,nan
complete,9,,3,5.6650016428902745,nan,180.0,nan,-5.020313698083408,nan
complete,10,,3,10.345884870970622,nan,254.0,nan,0.7194679257738557,nan
complete,11,,3,9.141141022089869,nan,196.0,nan,0.7541682444452231,nan
complete,12,,3,11.895043968921527,nan,220.0,nan,0.7546956191611258,nan
complete,13,,3,14.142010033130646,nan,228.0,nan,0.7555734461247567,nan
complete,14,,3,17.65098511101678,nan,240.0,nan,0.7566099214339204,nan
complete,15,,3,20.509966854006052,nan,248.0,nan,0.7577084368605185,nan
complete,16,,3,26.889421256957576,nan,266.0,nan,0.7588154822251738,nan
complete,17,,3,28.975738652981818,nan,248.0,nan,0.7599001457661672,nan
complete,18,,3,35.89739442500286,nan,248.0,nan,0.7609445909133257,nan
complete,19,,3,44.791545253945515,nan,274.0,nan,0.7619392510432874,nan
complete,20,,3,56.07478979090229,nan,278.0,nan,0.7628796556926289,nan
complete,5,,5,9.995442901039496,nan,544.0,nan,0.9999999973884819,nan
complete,6,,5,8.461268918123096,nan,366.0,nan,0.933725979315577,nan
complete,7,,5,14.248809803044423,nan,462.0,nan,0.6366762585283414,nan
complete,8,,5,25.90664972597733,nan,676.0,nan,0.8610371080897554,nan
complete,9,,5,19.1022209150251,nan,434.0,nan,0.44151002331706835,nan
complete,10,,5,35.0113484938629,nan,628.0,nan,-2.2880522124917597,nan
complete,11,,5,42.010094149038196,nan,622.0,nan,0.9922270183236463,nan
complete,12,,5,43.96991488500498,nan,564.0,nan,0.9910795095167302,nan
complete,13,,5,52.85060654114932,nan,592.0,nan,0.9912799119952638,nan
complete,14,,5,71.56884547695518,nan,676.0,nan,0.9915337705508129,nan
complete,15,,5,79.32660497818142,nan,656.0,nan,0.9917919805512412,nan
complete,16,,5,89.36912397108972,nan,646.0,nan,0.9920227679337827,nan
complete,17,,5,106.52415653993376,nan,646.0,nan,0.9922225911686127,nan
complete,18,,5,92.15007455996238,nan,492.0,nan,0.953438849941179,nan
complete,19,,5,226.8374410411343,nan,914.0,nan,0.9899413634976497,nan
complete,20,,5,159.04758531507105,nan,596.0,nan,0.9521950190201949,nan
complete,5,,7,17.66689096693881,nan,820.0,nan,0.9999999973792462,nan
complete,6,,7,22.329230396077037,nan,746.0,nan,0.9999999951515908,nan
complete,7,,7,54.142668508924544,nan,1262.0,nan,0.9379301600456991,nan
complete,8,,7,69.30513678910211,nan,1386.0,nan,0.9704383174380933,nan
complete,9,,7,71.93169181304984,nan,1134.0,nan,0.7866798433917808,nan
complete,10,,7,108.13460052199662,nan,1432.0,nan,0.59854400662174,nan
complete,11,,7,156.38819321314804,nan,1674.0,nan,0.9999707835299247,nan
complete,12,,7,150.3727854799945,nan,1434.0,nan,0.9999700669585181,nan
complete,13,,7,199.72938310401514,nan,1594.0,nan,0.9999783406524756,nan
complete,14,,7,242.65216184710152,nan,1700.0,nan,0.9999617916385368,nan
complete,15,,7,254.39818294905126,nan,1528.0,nan,0.9999881841929152,nan
complete,16,,7,246.50489028799348,nan,1328.0,nan,0.9992394897240331,nan
complete,17,,7,370.186254973989,nan,1626.0,nan,0.9999387788675733,nan
complete,18,,7,489.2843767402228,nan,1666.0,nan,0.9998562992286608,nan
complete,19,,7,585.2513006720692,nan,1824.0,nan,0.9968957414795554,nan
complete,20,,7,738.7919404560234,nan,1818.0,nan,0.9997445963422535,nan
complete,5,,10,28.1117463929113,nan,1090.0,nan,0.9999999993305555,nan
complete,6,,10,44.92279844894074,nan,1186.0,nan,0.9999999187593276,nan
complete,7,,10,117.707879235968,nan,2260.0,nan,0.999999931934501,nan
complete,8,,10,215.5270318358671,nan,3200.0,nan,0.9999989819240058,nan
complete,9,,10,325.2641494588461,nan,3600.0,nan,0.9999995921694893,nan
complete,10,,10,541.4331629180815,nan,4796.0,nan,0.984763820341616,nan
complete,11,,10,314.232561141951,nan,2766.0,nan,0.9999937507951202,nan
complete,12,,10,299.2421900460031,nan,2284.0,nan,0.9999922685687714,nan
complete,13,,10,369.7321632448584,nan,2438.0,nan,0.9999952435860564,nan
complete,14,,10,573.0854527479969,nan,3106.0,nan,0.9999738291866294,nan
complete,15,,10,649.9546637330204,nan,2996.0,nan,0.9999727396664753,nan
complete,16,,10,648.9984451199416,nan,2580.0,nan,0.9999530353094173,nan
complete,17,,10,688.7123968598899,nan,2472.0,nan,0.999665449843306,nan
complete,18,,10,1332.622469709022,nan,3460.0,nan,0.9997447227846834,nan
complete,19,,10,1707.8191196632106,nan,3986.0,nan,0.9987536307738765,nan
complete,20,,10,1533.424741256982,nan,3000.0,nan,0.9994729379984335,nan
linear,5,,1,0.3440670019481331,nan,44.0,nan,0.7609179498889121,nan
linear,6,,1,0.300060419132933,nan,22.0,nan,0.6552735643338948,nan
linear,7,,1,0.2683095717802644,nan,24.0,nan,0.521499000442524,nan
linear,8,,1,0.27029176289215684,nan,22.0,nan,0.6524311485417995,nan
linear,9,,1,0.283719768980518,nan,22.0,nan,0.5475783410097541,nan
linear,10,,1,0.3005086979828775,nan,22.0,nan,0.6516310409342688,nan
linear,11,,1,0.29858287796378136,nan,20.0,nan,0.5650796647985682,nan
linear,12,,1,0.3704220959916711,nan,20.0,nan,0.6514201434116033,nan
linear,13,,1,0.3284317241050303,nan,20.0,nan,0.577625518672641,nan
linear,14,,1,0.3496102741919458,nan,20.0,nan,0.6514125328014478,nan
linear,15,,1,0.43246369785629213,nan,20.0,nan,0.5870562435317541,nan
linear,16,,1,0.3891059060115367,nan,20.0,nan,0.6514798531704129,nan
linear,17,,1,0.4670467271935195,nan,18.0,nan,0.5944027269892924,nan
linear,18,,1,0.4885348880197853,nan,20.0,nan,0.6515733628188524,nan
linear,19,,1,0.5459725190885365,nan,18.0,nan,0.6002866467356336,nan
linear,20,,1,0.5992054669186473,nan,20.0,nan,0.6516731134545539,nan
linear,5,,2,0.7494369249325246,nan,96.0,nan,0.9072021145803572,nan
linear,6,,2,0.48859415808692575,nan,52.0,nan,0.7986018717782231,nan
linear,7,,2,0.5586925849784166,nan,54.0,nan,0.7864319812849296,nan
linear,8,,2,0.6282864320091903,nan,50.0,nan,0.8003361235341906,nan
linear,9,,2,0.6815385799854994,nan,50.0,nan,0.7885300197691671,nan
linear,10,,2,0.7622386228758842,nan,52.0,nan,0.8021573257127207,nan
linear,11,,2,0.6682683129329234,nan,46.0,nan,0.7909577865495252,nan
linear,12,,2,0.8585554729215801,nan,48.0,nan,0.8036809097266001,nan
linear,13,,2,0.8645970069337636,nan,48.0,nan,0.7931840908105589,nan
linear,14,,2,0.9456358291208744,nan,48.0,nan,0.8049162452128533,nan
linear,15,,2,1.0540077660698444,nan,50.0,nan,0.7951187187261702,nan
linear,16,,2,1.0878152139484882,nan,48.0,nan,0.8059215513248035,nan
linear,17,,2,1.2031890049111098,nan,46.0,nan,0.7967784968032646,nan
linear,18,,2,1.477258238941431,nan,48.0,nan,0.8067494740479753,nan
linear,19,,2,1.4363858280703425,nan,44.0,nan,0.7982030532523511,nan
linear,20,,2,1.820672099944204,nan,48.0,nan,0.807440482742031,nan
linear,5,,3,1.4358040569350123,nan,168.0,nan,0.9780357495886963,nan
linear,6,,3,1.2930201918352395,nan,114.0,nan,0.8437711961518143,nan
linear,7,,3,1.49548712791875,nan,120.0,nan,0.9877819282835233,nan
linear,8,,3,1.550484986975789,nan,110.0,nan,0.7703899905831545,nan
linear,9,,3,1.7778801880776882,nan,112.0,nan,0.7862852695622122,nan
linear,10,,3,1.783925810130313,nan,102.0,nan,0.808976477227026,nan
linear,11,,3,2.47962600691244,nan,124.0,nan,0.874839417260036,nan
linear,12,,3,2.219165830174461,nan,106.0,nan,0.8363932517922152,nan
linear,13,,3,2.5416249008849263,nan,112.0,nan,0.7389854377506487,nan
linear,14,,3,2.4529701829887927,nan,102.0,nan,0.8566844226606972,nan
linear,15,,3,2.563091041985899,nan,102.0,nan,0.7666596039759297,nan
linear,16,,3,3.2860172318760306,nan,116.0,nan,0.8722425380316327,nan
linear,17,,3,3.339842481072992,nan,104.0,nan,0.789024045266246,nan
linear,18,,3,4.866833375999704,nan,110.0,nan,0.8845217987047076,nan
linear,19,,3,4.079427130986005,nan,100.0,nan,0.8074064740047657,nan
linear,20,,3,5.216073340037838,nan,108.0,nan,0.8944462207264527,nan
linear,5,,5,5.167662983993068,nan,454.0,nan,0.6666665760787426,nan
linear,6,,5,6.124106189003214,nan,402.0,nan,0.9999999999621153,nan
linear,7,,5,9.38935868209228,nan,520.0,nan,0.9999987835999404,nan
linear,8,,5,8.57403615792282,nan,422.0,nan,0.9999999999079354,nan
linear,9,,5,8.033770608017221,nan,360.0,nan,0.993295869656983,nan
linear,10,,5,14.67797434516251,nan,550.0,nan,0.9735242342017643,nan
linear,11,,5,11.981659133918583,nan,436.0,nan,0.9962293230505802,nan
linear,12,,5,14.024563090177253,nan,456.0,nan,0.9965675833639763,nan
linear,13,,5,11.244445791002363,nan,338.0,nan,0.9999999998739771,nan
linear,14,,5,19.429718760075048,nan,496.0,nan,0.9848003163122963,nan
linear,15,,5,10.735744012985379,nan,282.0,nan,0.9926041958817636,nan
linear,16,,5,21.876821415964514,nan,488.0,nan,0.9999999999659841,nan
linear,17,,5,15.818057757103816,nan,322.0,nan,0.99999999987134,nan
linear,18,,5,14.60423138202168,nan,270.0,nan,0.9999999988388473,nan
linear,19,,5,29.08042100002058,nan,432.0,nan,0.9999999991039491,nan
linear,20,,5,19.754988414002582,nan,276.0,nan,0.9999999990400357,nan
linear,5,,7,8.858740913914517,nan,632.0,nan,0.999999955250845,nan
linear,6,,7,17.652750375913456,nan,890.0,nan,0.9999999987849245,nan
linear,7,,7,15.671253509121016,nan,728.0,nan,0.999999873399185,nan
linear,8,,7,21.24245069711469,nan,806.0,nan,0.9999999999182092,nan
linear,9,,7,51.3574153049849,nan,1514.0,nan,0.7983493706174536,nan
linear,10,,7,30.874700237996876,nan,922.0,nan,0.9999999961021586,nan
linear,11,,7,51.070551793091,nan,1292.0,nan,0.9995425812941733,nan
linear,12,,7,27.226434727199376,nan,714.0,nan,0.9999999076027658,nan
linear,13,,7,54.910238600103185,nan,1078.0,nan,0.857142850372077,nan
linear,14,,7,48.668273421004415,nan,1002.0,nan,0.9999999662962942,nan
linear,15,,7,56.61908607115038,nan,992.0,nan,0.9999999552480355,nan
linear,16,,7,53.04445295105688,nan,944.0,nan,0.9999803903055754,nan
linear,17,,7,78.22559563606046,nan,1146.0,nan,0.9755276776476456,nan
linear,18,,7,56.424787909025326,nan,718.0,nan,0.9999993566383281,nan
linear,19,,7,61.18048866488971,nan,756.0,nan,0.9999979396351705,nan
linear,20,,7,80.45777444401756,nan,764.0,nan,0.9999999983000845,nan
linear,5,,10,31.918108701938763,nan,1450.0,nan,0.9999979148099136,nan
linear,6,,10,40.08925694786012,nan,1584.0,nan,0.999999391476995,nan
linear,7,,10,26.177129632793367,nan,1022.0,nan,0.9999994655833684,nan
linear,8,,10,46.192883173935115,nan,1374.0,nan,0.9999999846610617,nan
linear,9,,10,237.88357262010686,nan,5150.0,nan,0.7997913797700443,nan
linear,10,,10,90.59099243418314,nan,1928.0,nan,0.9999993864046935,nan
linear,11,,10,173.41166327497922,nan,3298.0,nan,0.8332193807228535,nan
linear,12,,10,67.31969258608297,nan,1302.0,nan,0.9999997422390857,nan
linear,13,,10,191.16696227295324,nan,3032.0,nan,0.857138729549245,nan
linear,14,,10,102.43026934587397,nan,1676.0,nan,0.9999990149463115,nan
linear,15,,10,227.34743446297944,nan,2868.0,nan,0.9999999948358231,nan
linear,16,,10,138.75348026189022,nan,1890.0,nan,0.9999980431958992,nan
linear,17,,10,422.1863193421159,nan,4304.0,nan,0.9999251240081652,nan
linear,18,,10,137.48797599505633,nan,1380.0,nan,0.9999999072859218,nan
linear,19,,10,138.30452292994596,nan,1316.0,nan,0.9999998023845151,nan
linear,20,,10,223.77087152795866,nan,1624.0,nan,0.9999999890234669,nan
circular,5,,1,0.2954502860084176,nan,20.0,nan,0.7712509435331883,nan
circular,6,,1,0.23320584697648883,nan,20.0,nan,0.6534659776008458,nan
circular,7,,1,0.2471191061194986,nan,20.0,nan,0.719834213964309,nan
circular,8,,1,0.2607036551926285,nan,20.0,nan,0.6534659776008462,nan
circular,9,,1,0.2742740730755031,nan,20.0,nan,0.6941258491798694,nan
circular,10,,1,0.29125500400550663,nan,20.0,nan,0.6534659776008457,nan
circular,11,,1,0.3034746821504086,nan,20.0,nan,0.6787008303092057,nan
circular,12,,1,0.37379727605730295,nan,20.0,nan,0.6534659776008462,nan
circular,13,,1,0.33374891011044383,nan,20.0,nan,0.6684174843954297,nan
circular,14,,1,0.35199508210644126,nan,20.0,nan,0.6534659776008453,nan
circular,15,,1,0.42659683898091316,nan,20.0,nan,0.6610722373141612,nan
circular,16,,1,0.38997093588113785,nan,20.0,nan,0.6534659776008458,nan
circular,17,,1,0.49663973320275545,nan,20.0,nan,0.6555633020032098,nan
circular,18,,1,0.49375993106514215,nan,20.0,nan,0.6534659776008449,nan
circular,19,,1,0.5927097438834608,nan,20.0,nan,0.6512785745391364,nan
circular,20,,1,0.6671270509250462,nan,20.0,nan,0.6534659776008455,nan
circular,5,,2,0.7256336479913443,nan,88.0,nan,0.810572795776286,nan
circular,6,,2,0.5528395490255207,nan,50.0,nan,0.8147711857542377,nan
circular,7,,2,0.7367145048920065,nan,70.0,nan,0.8192075398125326,nan
circular,8,,2,0.65000339015387,nan,50.0,nan,0.8147711857542379,nan
circular,9,,2,0.9507614199537784,nan,70.0,nan,0.7899501276763703,nan
circular,10,,2,0.7555164368823171,nan,50.0,nan,0.8147711857542369,nan
circular,11,,2,1.1544654481112957,nan,70.0,nan,0.7723956803946732,nan
circular,12,,2,0.8558086799457669,nan,50.0,nan,0.8147711857542367,nan
circular,13,,2,1.3417753870598972,nan,70.0,nan,0.7606927155402085,nan
circular,14,,2,0.963702708017081,nan,50.0,nan,0.8147711857542378,nan
circular,15,,2,1.5203330889344215,nan,70.0,nan,0.7523334549298765,nan
circular,16,,2,1.1434407620690763,nan,50.0,nan,0.8147711857542359,nan
circular,17,,2,1.9464210879523307,nan,70.0,nan,0.7460640094721276,nan
circular,18,,2,1.4887194479815662,nan,50.0,nan,0.8147711857542382,nan
circular,19,,2,2.4026210960000753,nan,70.0,nan,0.7411877741161006,nan
circular,20,,2,1.9491624389775097,nan,50.0,nan,0.8147711857542363,nan
circular,5,,3,1.687424903968349,nan,178.0,nan,0.9658732966804067,nan
circular,6,,3,1.4572002289351076,nan,124.0,nan,0.9866731723417251,nan
circular,7,,3,1.4535121470689774,nan,116.0,nan,0.9039736559925888,nan
circular,8,,3,1.748261173022911,nan,118.0,nan,0.9866571250176212,nan
circular,9,,3,1.8392152299638838,nan,118.0,nan,0.8778729144043064,nan
circular,10,,3,2.1387794688344,nan,118.0,nan,0.9866571250176204,nan
circular,11,,3,2.202438408974558,nan,118.0,nan,0.8583646274175439,nan
circular,12,,3,2.556196671910584,nan,118.0,nan,0.9866571250176187,nan
circular,13,,3,2.6070699240081012,nan,118.0,nan,0.8453591027597014,nan
circular,14,,3,2.9445340170059353,nan,118.0,nan,0.9866571250176185,nan
circular,15,,3,3.045844300882891,nan,118.0,nan,0.8360694422898146,nan
circular,16,,3,3.528058835072443,nan,118.0,nan,0.986657125017617,nan
circular,17,,3,3.7742724400013685,nan,118.0,nan,0.8291021969373996,nan
circular,18,,3,4.655152066145092,nan,118.0,nan,0.9866571250176186,nan
circular,19,,3,4.912374377949163,nan,118.0,nan,0.8236832283299655,nan
circular,20,,3,5.978907251032069,nan,118.0,nan,0.9866571250176186,nan
circular,5,,5,7.39308054279536,nan,530.0,nan,0.9977862411007167,nan
circular,6,,5,6.2168139410205185,nan,372.0,nan,0.9999999875790646,nan
circular,7,,5,4.738984529161826,nan,270.0,nan,0.990456670846863,nan
circular,8,,5,9.936198817100376,nan,446.0,nan,0.9999999952487132,nan
circular,9,,5,5.265501410001889,nan,244.0,nan,0.9547018242524642,nan
circular,10,,5,10.682646017055959,nan,388.0,nan,0.9999999916311811,nan
circular,11,,5,6.433263656916097,nan,246.0,nan,0.9481461023781195,nan
circular,12,,5,13.518197505967692,nan,408.0,nan,0.9999999853915029,nan
circular,13,,5,7.48483861098066,nan,244.0,nan,0.93547792676525,nan
circular,14,,5,15.810035925125703,nan,406.0,nan,0.9999999839497983,nan
circular,15,,5,8.835058485157788,nan,244.0,nan,0.9251979495480506,nan
circular,16,,5,18.68791924510151,nan,406.0,nan,0.9999999854864297,nan
circular,17,,5,10.972255846019834,nan,244.0,nan,0.9174879666351525,nan
circular,18,,5,25.415902567096055,nan,416.0,nan,0.9999999958737011,nan
circular,19,,5,13.925784779014066,nan,244.0,nan,0.9114913132584448,nan
circular,20,,5,32.635641928063706,nan,410.0,nan,0.9999999958514035,nan
circular,5,,7,25.94901363993995,nan,1392.0,nan,0.999883241601571,nan
circular,6,,7,23.424581445986405,nan,1046.0,nan,0.9960401777510476,nan
circular,7,,7,18.32295482396148,nan,734.0,nan,0.9997867164648246,nan
circular,8,,7,38.01376986503601,nan,1290.0,nan,0.999999662598805,nan
circular,9,,7,16.186228743987158,nan,536.0,nan,0.9966649077560445,nan
circular,10,,7,82.47572597907856,nan,2094.0,nan,0.9999999516638722,nan
circular,11,,7,21.52210462302901,nan,562.0,nan,0.9896919791610793,nan
circular,12,,7,49.70338317495771,nan,1102.0,nan,0.998961580810505,nan
circular,13,,7,19.683339319191873,nan,456.0,nan,0.9774969272453861,nan
circular,14,,7,49.279002216178924,nan,960.0,nan,0.9989615855982606,nan
circular,15,,7,25.148590601049364,nan,488.0,nan,0.9669434415495103,nan
circular,16,,7,49.29064528993331,nan,834.0,nan,0.9986062967574015,nan
circular,17,,7,30.216483609983698,nan,484.0,nan,0.9588857539558396,nan
circular,18,,7,76.47445313981734,nan,972.0,nan,0.9999990416336604,nan
circular,19,,7,39.09164802916348,nan,486.0,nan,0.9526185271589939,nan
circular,20,,7,103.47765977401286,nan,990.0,nan,0.9999999543134848,nan
circular,5,,10,54.391312554012984,nan,2382.0,nan,0.999999963752649,nan
circular,6,,10,86.5752203669399,nan,2874.0,nan,0.9991946690521424,nan
circular,7,,10,83.97177122789435,nan,2330.0,nan,0.9999991197857355,nan
circular,8,,10,134.96632538293488,nan,3446.0,nan,0.9999992024140258,nan
circular,9,,10,72.12598516000435,nan,1602.0,nan,0.999542933639767,nan
circular,10,,10,133.1156251160428,nan,3008.0,nan,0.9999958311302027,nan
circular,11,,10,79.14902763604186,nan,1468.0,nan,0.9985651134116675,nan
circular,12,,10,121.0233058379963,nan,2128.0,nan,0.9999974275668156,nan
circular,13,,10,84.7992488979362,nan,1326.0,nan,0.9895477298813363,nan
circular,14,,10,138.23919398617,nan,2036.0,nan,0.9999999544171684,nan
circular,15,,10,140.70868090214208,nan,1740.0,nan,0.9846398375032732,nan
circular,16,,10,193.65528709301725,nan,2364.0,nan,0.9999997744555149,nan
circular,17,,10,152.39172661188059,nan,1562.0,nan,0.9837369176790282,nan
circular,18,,10,329.540982699953,nan,2898.0,nan,0.9998604010810475,nan
circular,19,,10,152.9506940629799,nan,1282.0,nan,0.9675201824064362,nan
circular,20,,10,272.06180574093014,nan,2006.0,nan,0.9999973277779042,nan
